,All the columns and rows are provided by the exchange in the format.,,,,,,,,,,,,,,,,,,,,,,,,,,,,,,,,,,,,,,,,,,,,,,,,,,,,,,,,,,,,,
,"Created Column ""C"" and ""D"" for refrence of Token and Symbol Creation",,,,,,,,,,,,,,,,,,,,,,,,,,,,,,,,,,,,,,,,,,,,,,,,,,,,,,,,,,,,,
,"Created Coulne ""E"" for Security Symbol Name",,,,,,,,,,,,,,,,,,,,,,,,,,,,,,,,,,,,,,,,,,,,,,,,,,,,,,,,,,,,,
,Column J & K is converted date of Expiry 1,,,,,,,,,,,,,,,,,,,,,,,,,,,,,,,,,,,,,,,,,,,,,,,,,,,,,,,,,,,,,
,Column S & T is converted date of Expiry 2,,,,,,,,,,,,,,,,,,,,,,,,,,,,,,,,,,,,,,,,,,,,,,,,,,,,,,,,,,,,,
,,,,,,,,,,,,,,,,,,,,,,,,,,,,,,,,,,,,,,,,,,,,,,,,,,,,,,,,,,,,,,
FinInstrmIdLeg1,FinInstrmIdLeg2,Spread Token Created by Us,Security Symbol Created by Us,Security Symbol Name Created by Us,FinInstrmNmLeg1,TckrSymb1,SrsId1,XpryDt1,Converted Expiry1 Date,Month Extrated from Date1,StrkPricLeg1,OptnTpLeg1,OffclCorpActnEvtId1,FinInstrmNmLeg2,TckrSymb2,SrsId2,XpryDt2,Converted Expiry2 Date,Month Extrated from Date2,StrkPricLeg2,OptnTpLeg2,NewBrdLotQty1,MinLot1,BidIntrvl1,NewBrdLotQty2,MinLot2,BidIntrvl2,Elgblty,DelFlg,OffclCorpActnEvtId2,RefPric,DayLwPricDiffRg,DayHghPricDiffRg,OpngLowPricDiffRg,OpngHghPricDiffRg,UndrlygInstrm,Rsvd,UndrlygFinInstrmId,PartnIdr,DcmlstnPric,UnqPdctIdr,SrsId,StrtgyId,NbOfLegsInStrtgy,Mltplr,FinInstrmId,AsstTp,TckrSymb,FinInstrmTp,XpryDt,FinInstrmNm,StrkPric,Rsvd01,Rsvd02,Rsvd03,Rsvd04,Rsvd05,Rsvd06,Rsvd07,Rsvd08,Rsvd09,Rsvd10
56788,53219,1321956788,ABB-1,SP-ABB-JUN-JUL,FUTSTK,ABB,XX,1435415400,6/26/2025,JUN,-1,XX,0,FUTSTK,ABB,XX,1438439400,7/31/2025,JUL,-1,XX,125,125,50,125,125,50,1,N,0,608450,-15250,15250,-15250,15250,,,,,,,,,,,,,,,,,,,,,,,,,,,
53219,64105,1410553219,ABB-2,SP-ABB-JUL-AUG,FUTSTK,ABB,XX,1438439400,7/31/2025,JUL,-1,XX,0,FUTSTK,ABB,XX,1440858600,8/28/2025,AUG,-1,XX,125,125,50,125,125,50,1,N,0,612050,-15350,15350,-15350,15350,,,,,,,,,,,,,,,,,,,,,,,,,,,
53220,64106,1410653220,ABCAPITAL-1,SP-ABCAPITAL-JUL-AUG,FUTSTK,ABCAPITAL,XX,1438439400,7/31/2025,JUL,-1,XX,0,FUTSTK,ABCAPITAL,XX,1440858600,8/28/2025,AUG,-1,XX,3100,3100,1,3100,3100,1,1,N,0,23530,-588,588,-588,588,,,,,,,,,,,,,,,,,,,,,,,,,,,
56794,53221,1322156794,ABFRL-1,SP-ABFRL-JUN-JUL,FUTSTK,ABFRL,XX,1435415400,6/26/2025,JUN,-1,XX,0,FUTSTK,ABFRL,XX,1438439400,7/31/2025,JUL,-1,XX,2600,2600,1,2600,2600,1,1,N,0,7793,-194,194,-194,194,,,,,,,,,,,,,,,,,,,,,,,,,,,
53221,64107,1410753221,ABFRL-2,SP-ABFRL-JUL-AUG,FUTSTK,ABFRL,XX,1438439400,7/31/2025,JUL,-1,XX,0,FUTSTK,ABFRL,XX,1440858600,8/28/2025,AUG,-1,XX,2600,2600,1,2600,2600,1,1,N,0,7800,-195,195,-195,195,,,,,,,,,,,,,,,,,,,,,,,,,,,
56795,53222,1322256795,ACC-1,SP-ACC-JUN-JUL,FUTSTK,ACC,XX,1435415400,6/26/2025,JUN,-1,XX,0,FUTSTK,ACC,XX,1438439400,7/31/2025,JUL,-1,XX,300,300,10,300,300,10,1,N,0,190690,-4770,4770,-4770,4770,,,,,,,,,,,,,,,,,,,,,,,,,,,
53223,64108,1410853223,ADANIENSOL-1,SP-ADANIENSOL-JUL-AUG,FUTSTK,ADANIENSOL,XX,1438439400,7/31/2025,JUL,-1,XX,0,FUTSTK,ADANIENSOL,XX,1440858600,8/28/2025,AUG,-1,XX,675,675,5,675,675,5,1,N,0,89385,-2235,2235,-2235,2235,,,,,,,,,,,,,,,,,,,,,,,,,,,
56799,53224,1322456799,ADANIENT-1,SP-ADANIENT-JUN-JUL,FUTSTK,ADANIENT,XX,1435415400,6/26/2025,JUN,-1,XX,0,FUTSTK,ADANIENT,XX,1438439400,7/31/2025,JUL,-1,XX,300,300,10,300,300,10,1,N,0,254530,-6370,6370,-6370,6370,,,,,,,,,,,,,,,,,,,,,,,,,,,
53224,64109,1410953224,ADANIENT-2,SP-ADANIENT-JUL-AUG,FUTSTK,ADANIENT,XX,1438439400,7/31/2025,JUL,-1,XX,0,FUTSTK,ADANIENT,XX,1440858600,8/28/2025,AUG,-1,XX,300,300,10,300,300,10,1,N,0,256210,-6410,6410,-6410,6410,,,,,,,,,,,,,,,,,,,,,,,,,,,
53225,64110,1411053225,ADANIGREEN-1,SP-ADANIGREEN-JUL-AUG,FUTSTK,ADANIGREEN,XX,1438439400,7/31/2025,JUL,-1,XX,0,FUTSTK,ADANIGREEN,XX,1440858600,8/28/2025,AUG,-1,XX,600,600,10,600,600,10,1,N,0,102980,-2580,2580,-2580,2580,,,,,,,,,,,,,,,,,,,,,,,,,,,
53226,64111,1411153226,ADANIPORTS-1,SP-ADANIPORTS-JUL-AUG,FUTSTK,ADANIPORTS,XX,1438439400,7/31/2025,JUL,-1,XX,0,FUTSTK,ADANIPORTS,XX,1440858600,8/28/2025,AUG,-1,XX,475,475,10,475,475,10,1,N,0,148070,-3710,3710,-3710,3710,,,,,,,,,,,,,,,,,,,,,,,,,,,
53227,64112,1411253227,ALKEM-1,SP-ALKEM-JUL-AUG,FUTSTK,ALKEM,XX,1438439400,7/31/2025,JUL,-1,XX,0,FUTSTK,ALKEM,XX,1440858600,8/28/2025,AUG,-1,XX,125,125,50,125,125,50,1,N,0,490400,-12300,12300,-12300,12300,,,,,,,,,,,,,,,,,,,,,,,,,,,
53235,64113,1411353235,AMBUJACEM-1,SP-AMBUJACEM-JUL-AUG,FUTSTK,AMBUJACEM,XX,1438439400,7/31/2025,JUL,-1,XX,0,FUTSTK,AMBUJACEM,XX,1440858600,8/28/2025,AUG,-1,XX,1050,1050,5,1050,1050,5,1,N,0,56015,-1400,1400,-1400,1400,,,,,,,,,,,,,,,,,,,,,,,,,,,
53236,64114,1411453236,ANGELONE-1,SP-ANGELONE-JUL-AUG,FUTSTK,ANGELONE,XX,1438439400,7/31/2025,JUL,-1,XX,0,FUTSTK,ANGELONE,XX,1440858600,8/28/2025,AUG,-1,XX,250,250,10,250,250,10,1,N,0,322500,-8070,8070,-8070,8070,,,,,,,,,,,,,,,,,,,,,,,,,,,
56809,53240,1324056809,APLAPOLLO-1,SP-APLAPOLLO-JUN-JUL,FUTSTK,APLAPOLLO,XX,1435415400,6/26/2025,JUN,-1,XX,0,FUTSTK,APLAPOLLO,XX,1438439400,7/31/2025,JUL,-1,XX,350,350,10,350,350,10,1,N,0,192520,-4820,4820,-4820,4820,,,,,,,,,,,,,,,,,,,,,,,,,,,
53240,64115,1411553240,APLAPOLLO-2,SP-APLAPOLLO-JUL-AUG,FUTSTK,APLAPOLLO,XX,1438439400,7/31/2025,JUL,-1,XX,0,FUTSTK,APLAPOLLO,XX,1440858600,8/28/2025,AUG,-1,XX,350,350,10,350,350,10,1,N,0,193260,-4840,4840,-4840,4840,,,,,,,,,,,,,,,,,,,,,,,,,,,
56810,53241,1324156810,APOLLOHOSP-1,SP-APOLLOHOSP-JUN-JUL,FUTSTK,APOLLOHOSP,XX,1435415400,6/26/2025,JUN,-1,XX,0,FUTSTK,APOLLOHOSP,XX,1438439400,7/31/2025,JUL,-1,XX,125,125,50,125,125,50,1,N,0,696000,-17400,17400,-17400,17400,,,,,,,,,,,,,,,,,,,,,,,,,,,
53241,64116,1411653241,APOLLOHOSP-2,SP-APOLLOHOSP-JUL-AUG,FUTSTK,APOLLOHOSP,XX,1438439400,7/31/2025,JUL,-1,XX,0,FUTSTK,APOLLOHOSP,XX,1440858600,8/28/2025,AUG,-1,XX,125,125,50,125,125,50,1,N,0,700700,-17550,17550,-17550,17550,,,,,,,,,,,,,,,,,,,,,,,,,,,
56811,53244,1324456811,ASHOKLEY-1,SP-ASHOKLEY-JUN-JUL,FUTSTK,ASHOKLEY,XX,1435415400,6/26/2025,JUN,-1,XX,0,FUTSTK,ASHOKLEY,XX,1438439400,7/31/2025,JUL,-1,XX,2500,2500,1,2500,2500,1,1,N,0,24341,-608,608,-608,608,,,,,,,,,,,,,,,,,,,,,,,,,,,
53244,64117,1411753244,ASHOKLEY-2,SP-ASHOKLEY-JUL-AUG,FUTSTK,ASHOKLEY,XX,1438439400,7/31/2025,JUL,-1,XX,0,FUTSTK,ASHOKLEY,XX,1440858600,8/28/2025,AUG,-1,XX,2500,2500,1,2500,2500,1,1,N,0,24416,-610,610,-610,610,,,,,,,,,,,,,,,,,,,,,,,,,,,
53245,64118,1411853245,ASIANPAINT-1,SP-ASIANPAINT-JUL-AUG,FUTSTK,ASIANPAINT,XX,1438439400,7/31/2025,JUL,-1,XX,0,FUTSTK,ASIANPAINT,XX,1440858600,8/28/2025,AUG,-1,XX,250,250,10,250,250,10,1,N,0,225120,-5630,5630,-5630,5630,,,,,,,,,,,,,,,,,,,,,,,,,,,
53246,64119,1411953246,ASTRAL-1,SP-ASTRAL-JUL-AUG,FUTSTK,ASTRAL,XX,1438439400,7/31/2025,JUL,-1,XX,0,FUTSTK,ASTRAL,XX,1440858600,8/28/2025,AUG,-1,XX,425,425,10,425,425,10,1,N,0,153980,-3850,3850,-3850,3850,,,,,,,,,,,,,,,,,,,,,,,,,,,
53247,64120,1412053247,ATGL-1,SP-ATGL-JUL-AUG,FUTSTK,ATGL,XX,1438439400,7/31/2025,JUL,-1,XX,0,FUTSTK,ATGL,XX,1440858600,8/28/2025,AUG,-1,XX,875,875,5,875,875,5,1,N,0,68625,-1715,1715,-1715,1715,,,,,,,,,,,,,,,,,,,,,,,,,,,
56819,53248,1324856819,AUBANK-1,SP-AUBANK-JUN-JUL,FUTSTK,AUBANK,XX,1435415400,6/26/2025,JUN,-1,XX,0,FUTSTK,AUBANK,XX,1438439400,7/31/2025,JUL,-1,XX,1000,1000,5,1000,1000,5,1,N,0,75285,-1885,1885,-1885,1885,,,,,,,,,,,,,,,,,,,,,,,,,,,
53248,64121,1412153248,AUBANK-2,SP-AUBANK-JUL-AUG,FUTSTK,AUBANK,XX,1438439400,7/31/2025,JUL,-1,XX,0,FUTSTK,AUBANK,XX,1440858600,8/28/2025,AUG,-1,XX,1000,1000,5,1000,1000,5,1,N,0,75135,-1880,1880,-1880,1880,,,,,,,,,,,,,,,,,,,,,,,,,,,
56822,53249,1324956822,AUROPHARMA-1,SP-AUROPHARMA-JUN-JUL,FUTSTK,AUROPHARMA,XX,1435415400,6/26/2025,JUN,-1,XX,0,FUTSTK,AUROPHARMA,XX,1438439400,7/31/2025,JUL,-1,XX,550,550,10,550,550,10,1,N,0,116720,-2920,2920,-2920,2920,,,,,,,,,,,,,,,,,,,,,,,,,,,
53249,64206,1420653249,AUROPHARMA-2,SP-AUROPHARMA-JUL-AUG,FUTSTK,AUROPHARMA,XX,1438439400,7/31/2025,JUL,-1,XX,0,FUTSTK,AUROPHARMA,XX,1440858600,8/28/2025,AUG,-1,XX,550,550,10,550,550,10,1,N,0,117470,-2940,2940,-2940,2940,,,,,,,,,,,,,,,,,,,,,,,,,,,
56823,53250,1325056823,AXISBANK-1,SP-AXISBANK-JUN-JUL,FUTSTK,AXISBANK,XX,1435415400,6/26/2025,JUN,-1,XX,0,FUTSTK,AXISBANK,XX,1438439400,7/31/2025,JUL,-1,XX,625,625,10,625,625,10,1,N,0,119760,-3000,3000,-3000,3000,,,,,,,,,,,,,,,,,,,,,,,,,,,
53250,64207,1420753250,AXISBANK-2,SP-AXISBANK-JUL-AUG,FUTSTK,AXISBANK,XX,1438439400,7/31/2025,JUL,-1,XX,0,FUTSTK,AXISBANK,XX,1440858600,8/28/2025,AUG,-1,XX,625,625,10,625,625,10,1,N,0,120420,-3010,3010,-3010,3010,,,,,,,,,,,,,,,,,,,,,,,,,,,
56826,53251,1325156826,BAJAJ-AUTO-1,SP-BAJAJ-AUTO-JUN-JUL,FUTSTK,BAJAJ-AUTO,XX,1435415400,6/26/2025,JUN,-1,XX,0,FUTSTK,BAJAJ-AUTO,XX,1438439400,7/31/2025,JUL,-1,XX,75,75,50,75,75,50,1,N,0,866800,-21700,21700,-21700,21700,,,,,,,,,,,,,,,,,,,,,,,,,,,
53251,64217,1421753251,BAJAJ-AUTO-2,SP-BAJAJ-AUTO-JUL-AUG,FUTSTK,BAJAJ-AUTO,XX,1438439400,7/31/2025,JUL,-1,XX,0,FUTSTK,BAJAJ-AUTO,XX,1440858600,8/28/2025,AUG,-1,XX,75,75,50,75,75,50,1,N,0,871000,-21800,21800,-21800,21800,,,,,,,,,,,,,,,,,,,,,,,,,,,
56827,53252,1325256827,BAJAJFINSV-1,SP-BAJAJFINSV-JUN-JUL,FUTSTK,BAJAJFINSV,XX,1435415400,6/26/2025,JUN,-1,XX,0,FUTSTK,BAJAJFINSV,XX,1438439400,7/31/2025,JUL,-1,XX,500,500,10,500,500,10,1,N,0,199410,-4990,4990,-4990,4990,,,,,,,,,,,,,,,,,,,,,,,,,,,
53252,64219,1421953252,BAJAJFINSV-2,SP-BAJAJFINSV-JUL-AUG,FUTSTK,BAJAJFINSV,XX,1438439400,7/31/2025,JUL,-1,XX,0,FUTSTK,BAJAJFINSV,XX,1440858600,8/28/2025,AUG,-1,XX,500,500,10,500,500,10,1,N,0,200610,-5020,5020,-5020,5020,,,,,,,,,,,,,,,,,,,,,,,,,,,
53253,64220,1422053253,BAJFINANCE-1,SP-BAJFINANCE-JUL-AUG,FUTSTK,BAJFINANCE,XX,1438439400,7/31/2025,JUL,-1,XX,0,FUTSTK,BAJFINANCE,XX,1440858600,8/28/2025,AUG,-1,XX,75,75,50,75,75,50,1,N,0,947150,-23700,23700,-23700,23700,,,,,,,,,,,,,,,,,,,,,,,,,,,
56829,53254,1325456829,BALKRISIND-1,SP-BALKRISIND-JUN-JUL,FUTSTK,BALKRISIND,XX,1435415400,6/26/2025,JUN,-1,XX,0,FUTSTK,BALKRISIND,XX,1438439400,7/31/2025,JUL,-1,XX,300,300,10,300,300,10,1,N,0,249710,-6250,6250,-6250,6250,,,,,,,,,,,,,,,,,,,,,,,,,,,
53255,64221,1422153255,BANDHANBNK-1,SP-BANDHANBNK-JUL-AUG,FUTSTK,BANDHANBNK,XX,1438439400,7/31/2025,JUL,-1,XX,0,FUTSTK,BANDHANBNK,XX,1440858600,8/28/2025,AUG,-1,XX,3600,3600,1,3600,3600,1,1,N,0,17541,-438,438,-438,438,,,,,,,,,,,,,,,,,,,,,,,,,,,
56831,53256,1325656831,BANKBARODA-1,SP-BANKBARODA-JUN-JUL,FUTSTK,BANKBARODA,XX,1435415400,6/26/2025,JUN,-1,XX,0,FUTSTK,BANKBARODA,XX,1438439400,7/31/2025,JUL,-1,XX,2925,2925,1,2925,2925,1,1,N,0,24692,-617,617,-617,617,,,,,,,,,,,,,,,,,,,,,,,,,,,
53256,64222,1422253256,BANKBARODA-2,SP-BANKBARODA-JUL-AUG,FUTSTK,BANKBARODA,XX,1438439400,7/31/2025,JUL,-1,XX,0,FUTSTK,BANKBARODA,XX,1440858600,8/28/2025,AUG,-1,XX,2925,2925,1,2925,2925,1,1,N,0,24860,-621,621,-621,621,,,,,,,,,,,,,,,,,,,,,,,,,,,
53257,64223,1422353257,BANKINDIA-1,SP-BANKINDIA-JUL-AUG,FUTSTK,BANKINDIA,XX,1438439400,7/31/2025,JUL,-1,XX,0,FUTSTK,BANKINDIA,XX,1440858600,8/28/2025,AUG,-1,XX,5200,5200,1,5200,5200,1,1,N,0,12583,-314,314,-314,314,,,,,,,,,,,,,,,,,,,,,,,,,,,
53213,64100,1410053213,BANKNIFTY-1,SP-BANKNIFTY-JUL-AUG,FUTIDX,BANKNIFTY,XX,1438439400,7/31/2025,JUL,-1,XX,0,FUTIDX,BANKNIFTY,XX,1440858600,8/28/2025,AUG,-1,XX,35,35,20,35,35,20,1,N,0,5691840,-113840,113840,-113840,113840,,,,,,,,,,,,,,,,,,,,,,,,,,,
64224,64225,1422564224,BDL-1,SP-BDL-JUN-JUL,FUTSTK,BDL,XX,1435415400,6/26/2025,JUN,-1,XX,0,FUTSTK,BDL,XX,1438439400,7/31/2025,JUL,-1,XX,325,325,10,325,325,10,1,N,0,194080,-4860,4860,-4860,4860,,,,,,,,,,,,,,,,,,,,,,,,,,,
64225,64226,1422664225,BDL-2,SP-BDL-JUL-AUG,FUTSTK,BDL,XX,1438439400,7/31/2025,JUL,-1,XX,0,FUTSTK,BDL,XX,1440858600,8/28/2025,AUG,-1,XX,325,325,10,325,325,10,1,N,0,195240,-4890,4890,-4890,4890,,,,,,,,,,,,,,,,,,,,,,,,,,,
56833,53258,1325856833,BEL-1,SP-BEL-JUN-JUL,FUTSTK,BEL,XX,1435415400,6/26/2025,JUN,-1,XX,0,FUTSTK,BEL,XX,1438439400,7/31/2025,JUL,-1,XX,2850,2850,5,2850,2850,5,1,N,0,39180,-980,980,-980,980,,,,,,,,,,,,,,,,,,,,,,,,,,,
53258,64227,1422753258,BEL-2,SP-BEL-JUL-AUG,FUTSTK,BEL,XX,1438439400,7/31/2025,JUL,-1,XX,0,FUTSTK,BEL,XX,1440858600,8/28/2025,AUG,-1,XX,2850,2850,5,2850,2850,5,1,N,0,39430,-985,985,-985,985,,,,,,,,,,,,,,,,,,,,,,,,,,,
56834,53259,1325956834,BHARATFORG-1,SP-BHARATFORG-JUN-JUL,FUTSTK,BHARATFORG,XX,1435415400,6/26/2025,JUN,-1,XX,0,FUTSTK,BHARATFORG,XX,1438439400,7/31/2025,JUL,-1,XX,500,500,10,500,500,10,1,N,0,130000,-3250,3250,-3250,3250,,,,,,,,,,,,,,,,,,,,,,,,,,,
53259,64228,1422853259,BHARATFORG-2,SP-BHARATFORG-JUL-AUG,FUTSTK,BHARATFORG,XX,1438439400,7/31/2025,JUL,-1,XX,0,FUTSTK,BHARATFORG,XX,1440858600,8/28/2025,AUG,-1,XX,500,500,10,500,500,10,1,N,0,129450,-3240,3240,-3240,3240,,,,,,,,,,,,,,,,,,,,,,,,,,,
56835,53260,1326056835,BHARTIARTL-1,SP-BHARTIARTL-JUN-JUL,FUTSTK,BHARTIARTL,XX,1435415400,6/26/2025,JUN,-1,XX,0,FUTSTK,BHARTIARTL,XX,1438439400,7/31/2025,JUL,-1,XX,475,475,10,475,475,10,1,N,0,187950,-4700,4700,-4700,4700,,,,,,,,,,,,,,,,,,,,,,,,,,,
53260,64229,1422953260,BHARTIARTL-2,SP-BHARTIARTL-JUL-AUG,FUTSTK,BHARTIARTL,XX,1438439400,7/31/2025,JUL,-1,XX,0,FUTSTK,BHARTIARTL,XX,1440858600,8/28/2025,AUG,-1,XX,475,475,10,475,475,10,1,N,0,188980,-4730,4730,-4730,4730,,,,,,,,,,,,,,,,,,,,,,,,,,,
56838,53261,1326156838,BHEL-1,SP-BHEL-JUN-JUL,FUTSTK,BHEL,XX,1435415400,6/26/2025,JUN,-1,XX,0,FUTSTK,BHEL,XX,1438439400,7/31/2025,JUL,-1,XX,2625,2625,5,2625,2625,5,1,N,0,25710,-645,645,-645,645,,,,,,,,,,,,,,,,,,,,,,,,,,,
53261,64230,1423053261,BHEL-2,SP-BHEL-JUL-AUG,FUTSTK,BHEL,XX,1438439400,7/31/2025,JUL,-1,XX,0,FUTSTK,BHEL,XX,1440858600,8/28/2025,AUG,-1,XX,2625,2625,5,2625,2625,5,1,N,0,25870,-650,650,-650,650,,,,,,,,,,,,,,,,,,,,,,,,,,,
56839,53262,1326256839,BIOCON-1,SP-BIOCON-JUN-JUL,FUTSTK,BIOCON,XX,1435415400,6/26/2025,JUN,-1,XX,0,FUTSTK,BIOCON,XX,1438439400,7/31/2025,JUL,-1,XX,2500,2500,5,2500,2500,5,1,N,0,33145,-830,830,-830,830,,,,,,,,,,,,,,,,,,,,,,,,,,,
53262,64231,1423153262,BIOCON-2,SP-BIOCON-JUL-AUG,FUTSTK,BIOCON,XX,1438439400,7/31/2025,JUL,-1,XX,0,FUTSTK,BIOCON,XX,1440858600,8/28/2025,AUG,-1,XX,2500,2500,5,2500,2500,5,1,N,0,33305,-835,835,-835,835,,,,,,,,,,,,,,,,,,,,,,,,,,,
64232,64233,1423364232,BLUESTARCO-1,SP-BLUESTARCO-JUN-JUL,FUTSTK,BLUESTARCO,XX,1435415400,6/26/2025,JUN,-1,XX,0,FUTSTK,BLUESTARCO,XX,1438439400,7/31/2025,JUL,-1,XX,325,325,10,325,325,10,1,N,0,159700,-4000,4000,-4000,4000,,,,,,,,,,,,,,,,,,,,,,,,,,,
64233,64248,1424864233,BLUESTARCO-2,SP-BLUESTARCO-JUL-AUG,FUTSTK,BLUESTARCO,XX,1438439400,7/31/2025,JUL,-1,XX,0,FUTSTK,BLUESTARCO,XX,1440858600,8/28/2025,AUG,-1,XX,325,325,10,325,325,10,1,N,0,159890,-4000,4000,-4000,4000,,,,,,,,,,,,,,,,,,,,,,,,,,,
56844,53263,1326356844,BOSCHLTD-1,SP-BOSCHLTD-JUN-JUL,FUTSTK,BOSCHLTD,XX,1435415400,6/26/2025,JUN,-1,XX,0,FUTSTK,BOSCHLTD,XX,1438439400,7/31/2025,JUL,-1,XX,25,25,500,25,25,500,1,N,0,3175000,-79500,79500,-79500,79500,,,,,,,,,,,,,,,,,,,,,,,,,,,
53263,64249,1424953263,BOSCHLTD-2,SP-BOSCHLTD-JUL-AUG,FUTSTK,BOSCHLTD,XX,1438439400,7/31/2025,JUL,-1,XX,0,FUTSTK,BOSCHLTD,XX,1440858600,8/28/2025,AUG,-1,XX,25,25,500,25,25,500,1,N,0,3145500,-79000,79000,-79000,79000,,,,,,,,,,,,,,,,,,,,,,,,,,,
53264,64372,1437253264,BPCL-1,SP-BPCL-JUL-AUG,FUTSTK,BPCL,XX,1438439400,7/31/2025,JUL,-1,XX,0,FUTSTK,BPCL,XX,1440858600,8/28/2025,AUG,-1,XX,1975,1975,5,1975,1975,5,1,N,0,31705,-795,795,-795,795,,,,,,,,,,,,,,,,,,,,,,,,,,,
53265,64373,1437353265,BRITANNIA-1,SP-BRITANNIA-JUL-AUG,FUTSTK,BRITANNIA,XX,1438439400,7/31/2025,JUL,-1,XX,0,FUTSTK,BRITANNIA,XX,1440858600,8/28/2025,AUG,-1,XX,125,125,50,125,125,50,1,N,0,565250,-14150,14150,-14150,14150,,,,,,,,,,,,,,,,,,,,,,,,,,,
56847,53268,1326856847,BSE-1,SP-BSE-JUN-JUL,FUTSTK,BSE,XX,1435415400,6/26/2025,JUN,-1,XX,0,FUTSTK,BSE,XX,1438439400,7/31/2025,JUL,-1,XX,375,375,10,375,375,10,1,N,0,293020,-7330,7330,-7330,7330,,,,,,,,,,,,,,,,,,,,,,,,,,,
53268,64378,1437853268,BSE-2,SP-BSE-JUL-AUG,FUTSTK,BSE,XX,1438439400,7/31/2025,JUL,-1,XX,0,FUTSTK,BSE,XX,1440858600,8/28/2025,AUG,-1,XX,375,375,10,375,375,10,1,N,0,293120,-7330,7330,-7330,7330,,,,,,,,,,,,,,,,,,,,,,,,,,,
53270,64379,1437953270,CAMS-1,SP-CAMS-JUL-AUG,FUTSTK,CAMS,XX,1438439400,7/31/2025,JUL,-1,XX,0,FUTSTK,CAMS,XX,1440858600,8/28/2025,AUG,-1,XX,150,150,10,150,150,10,1,N,0,427440,-10690,10690,-10690,10690,,,,,,,,,,,,,,,,,,,,,,,,,,,
56850,53273,1327356850,CANBK-1,SP-CANBK-JUN-JUL,FUTSTK,CANBK,XX,1435415400,6/26/2025,JUN,-1,XX,0,FUTSTK,CANBK,XX,1438439400,7/31/2025,JUL,-1,XX,6750,6750,1,6750,6750,1,1,N,0,11610,-290,290,-290,290,,,,,,,,,,,,,,,,,,,,,,,,,,,
53273,64380,1438053273,CANBK-2,SP-CANBK-JUL-AUG,FUTSTK,CANBK,XX,1438439400,7/31/2025,JUL,-1,XX,0,FUTSTK,CANBK,XX,1440858600,8/28/2025,AUG,-1,XX,6750,6750,1,6750,6750,1,1,N,0,11684,-292,292,-292,292,,,,,,,,,,,,,,,,,,,,,,,,,,,
53274,64381,1438153274,CDSL-1,SP-CDSL-JUL-AUG,FUTSTK,CDSL,XX,1438439400,7/31/2025,JUL,-1,XX,0,FUTSTK,CDSL,XX,1440858600,8/28/2025,AUG,-1,XX,475,475,10,475,475,10,1,N,0,176750,-4420,4420,-4420,4420,,,,,,,,,,,,,,,,,,,,,,,,,,,
53275,64382,1438253275,CESC-1,SP-CESC-JUL-AUG,FUTSTK,CESC,XX,1438439400,7/31/2025,JUL,-1,XX,0,FUTSTK,CESC,XX,1440858600,8/28/2025,AUG,-1,XX,3625,3625,1,3625,3625,1,1,N,0,16996,-424,424,-424,424,,,,,,,,,,,,,,,,,,,,,,,,,,,
53276,64383,1438353276,CGPOWER-1,SP-CGPOWER-JUL-AUG,FUTSTK,CGPOWER,XX,1438439400,7/31/2025,JUL,-1,XX,0,FUTSTK,CGPOWER,XX,1440858600,8/28/2025,AUG,-1,XX,850,850,5,850,850,5,1,N,0,68980,-1725,1725,-1725,1725,,,,,,,,,,,,,,,,,,,,,,,,,,,
56856,53277,1327756856,CHAMBLFERT-1,SP-CHAMBLFERT-JUN-JUL,FUTSTK,CHAMBLFERT,XX,1435415400,6/26/2025,JUN,-1,XX,0,FUTSTK,CHAMBLFERT,XX,1438439400,7/31/2025,JUL,-1,XX,950,950,5,950,950,5,1,N,0,54125,-1355,1355,-1355,1355,,,,,,,,,,,,,,,,,,,,,,,,,,,
56857,53278,1327856857,CHOLAFIN-1,SP-CHOLAFIN-JUN-JUL,FUTSTK,CHOLAFIN,XX,1435415400,6/26/2025,JUN,-1,XX,0,FUTSTK,CHOLAFIN,XX,1438439400,7/31/2025,JUL,-1,XX,625,625,10,625,625,10,1,N,0,158920,-3980,3980,-3980,3980,,,,,,,,,,,,,,,,,,,,,,,,,,,
53278,64387,1438753278,CHOLAFIN-2,SP-CHOLAFIN-JUL-AUG,FUTSTK,CHOLAFIN,XX,1438439400,7/31/2025,JUL,-1,XX,0,FUTSTK,CHOLAFIN,XX,1440858600,8/28/2025,AUG,-1,XX,625,625,10,625,625,10,1,N,0,158940,-3980,3980,-3980,3980,,,,,,,,,,,,,,,,,,,,,,,,,,,
53279,64388,1438853279,CIPLA-1,SP-CIPLA-JUL-AUG,FUTSTK,CIPLA,XX,1438439400,7/31/2025,JUL,-1,XX,0,FUTSTK,CIPLA,XX,1440858600,8/28/2025,AUG,-1,XX,375,375,10,375,375,10,1,N,0,150110,-3760,3760,-3760,3760,,,,,,,,,,,,,,,,,,,,,,,,,,,
53280,64390,1439053280,COALINDIA-1,SP-COALINDIA-JUL-AUG,FUTSTK,COALINDIA,XX,1438439400,7/31/2025,JUL,-1,XX,0,FUTSTK,COALINDIA,XX,1440858600,8/28/2025,AUG,-1,XX,1350,1350,5,1350,1350,5,1,N,0,40270,-1010,1010,-1010,1010,,,,,,,,,,,,,,,,,,,,,,,,,,,
56860,53281,1328156860,COFORGE-1,SP-COFORGE-JUN-JUL,FUTSTK,COFORGE,XX,1435415400,6/26/2025,JUN,-1,XX,0,FUTSTK,COFORGE,XX,1438439400,7/31/2025,JUL,-1,XX,375,375,50,375,375,50,1,N,0,178000,-4450,4450,-4450,4450,,,,,,,,,,,,,,,,,,,,,,,,,,,
53281,64391,1439153281,COFORGE-2,SP-COFORGE-JUL-AUG,FUTSTK,COFORGE,XX,1438439400,7/31/2025,JUL,-1,XX,0,FUTSTK,COFORGE,XX,1440858600,8/28/2025,AUG,-1,XX,375,375,50,375,375,50,1,N,0,178500,-4500,4500,-4500,4500,,,,,,,,,,,,,,,,,,,,,,,,,,,
53284,64392,1439253284,COLPAL-1,SP-COLPAL-JUL-AUG,FUTSTK,COLPAL,XX,1438439400,7/31/2025,JUL,-1,XX,0,FUTSTK,COLPAL,XX,1440858600,8/28/2025,AUG,-1,XX,225,225,10,225,225,10,1,N,0,245340,-6140,6140,-6140,6140,,,,,,,,,,,,,,,,,,,,,,,,,,,
56862,53289,1328956862,CONCOR-1,SP-CONCOR-JUN-JUL,FUTSTK,CONCOR,XX,1435415400,6/26/2025,JUN,-1,XX,0,FUTSTK,CONCOR,XX,1438439400,7/31/2025,JUL,-1,XX,1000,1000,5,1000,1000,5,1,N,0,81130,-2030,2030,-2030,2030,,,,,,,,,,,,,,,,,,,,,,,,,,,
53289,64393,1439353289,CONCOR-2,SP-CONCOR-JUL-AUG,FUTSTK,CONCOR,XX,1438439400,7/31/2025,JUL,-1,XX,0,FUTSTK,CONCOR,XX,1440858600,8/28/2025,AUG,-1,XX,1000,1000,5,1000,1000,5,1,N,0,81540,-2040,2040,-2040,2040,,,,,,,,,,,,,,,,,,,,,,,,,,,
56863,53290,1329056863,CROMPTON-1,SP-CROMPTON-JUN-JUL,FUTSTK,CROMPTON,XX,1435415400,6/26/2025,JUN,-1,XX,0,FUTSTK,CROMPTON,XX,1438439400,7/31/2025,JUL,-1,XX,1800,1800,5,1800,1800,5,1,N,0,35260,-885,885,-885,885,,,,,,,,,,,,,,,,,,,,,,,,,,,
53290,64394,1439453290,CROMPTON-2,SP-CROMPTON-JUL-AUG,FUTSTK,CROMPTON,XX,1438439400,7/31/2025,JUL,-1,XX,0,FUTSTK,CROMPTON,XX,1440858600,8/28/2025,AUG,-1,XX,1800,1800,5,1800,1800,5,1,N,0,35205,-880,880,-880,880,,,,,,,,,,,,,,,,,,,,,,,,,,,
53291,64395,1439553291,CUMMINSIND-1,SP-CUMMINSIND-JUL-AUG,FUTSTK,CUMMINSIND,XX,1438439400,7/31/2025,JUL,-1,XX,0,FUTSTK,CUMMINSIND,XX,1440858600,8/28/2025,AUG,-1,XX,200,200,10,200,200,10,1,N,0,338560,-8470,8470,-8470,8470,,,,,,,,,,,,,,,,,,,,,,,,,,,
53292,64396,1439653292,CYIENT-1,SP-CYIENT-JUL-AUG,FUTSTK,CYIENT,XX,1438439400,7/31/2025,JUL,-1,XX,0,FUTSTK,CYIENT,XX,1440858600,8/28/2025,AUG,-1,XX,425,425,10,425,425,10,1,N,0,132550,-3320,3320,-3320,3320,,,,,,,,,,,,,,,,,,,,,,,,,,,
56900,53293,1329356900,DABUR-1,SP-DABUR-JUN-JUL,FUTSTK,DABUR,XX,1435415400,6/26/2025,JUN,-1,XX,0,FUTSTK,DABUR,XX,1438439400,7/31/2025,JUL,-1,XX,1250,1250,5,1250,1250,5,1,N,0,48395,-1210,1210,-1210,1210,,,,,,,,,,,,,,,,,,,,,,,,,,,
53293,64397,1439753293,DABUR-2,SP-DABUR-JUL-AUG,FUTSTK,DABUR,XX,1438439400,7/31/2025,JUL,-1,XX,0,FUTSTK,DABUR,XX,1440858600,8/28/2025,AUG,-1,XX,1250,1250,5,1250,1250,5,1,N,0,48185,-1205,1205,-1205,1205,,,,,,,,,,,,,,,,,,,,,,,,,,,
53294,64398,1439853294,DALBHARAT-1,SP-DALBHARAT-JUL-AUG,FUTSTK,DALBHARAT,XX,1438439400,7/31/2025,JUL,-1,XX,0,FUTSTK,DALBHARAT,XX,1440858600,8/28/2025,AUG,-1,XX,325,325,10,325,325,10,1,N,0,212380,-5310,5310,-5310,5310,,,,,,,,,,,,,,,,,,,,,,,,,,,
53295,64399,1439953295,DELHIVERY-1,SP-DELHIVERY-JUL-AUG,FUTSTK,DELHIVERY,XX,1438439400,7/31/2025,JUL,-1,XX,0,FUTSTK,DELHIVERY,XX,1440858600,8/28/2025,AUG,-1,XX,2075,2075,5,2075,2075,5,1,N,0,36875,-925,925,-925,925,,,,,,,,,,,,,,,,,,,,,,,,,,,
56905,53296,1329656905,DIVISLAB-1,SP-DIVISLAB-JUN-JUL,FUTSTK,DIVISLAB,XX,1435415400,6/26/2025,JUN,-1,XX,0,FUTSTK,DIVISLAB,XX,1438439400,7/31/2025,JUL,-1,XX,100,100,50,100,100,50,1,N,0,658200,-16500,16500,-16500,16500,,,,,,,,,,,,,,,,,,,,,,,,,,,
53296,64400,1440053296,DIVISLAB-2,SP-DIVISLAB-JUL-AUG,FUTSTK,DIVISLAB,XX,1438439400,7/31/2025,JUL,-1,XX,0,FUTSTK,DIVISLAB,XX,1440858600,8/28/2025,AUG,-1,XX,100,100,50,100,100,50,1,N,0,659700,-16500,16500,-16500,16500,,,,,,,,,,,,,,,,,,,,,,,,,,,
56906,53297,1329756906,DIXON-1,SP-DIXON-JUN-JUL,FUTSTK,DIXON,XX,1435415400,6/26/2025,JUN,-1,XX,0,FUTSTK,DIXON,XX,1438439400,7/31/2025,JUL,-1,XX,50,50,100,50,50,100,1,N,0,1492500,-37400,37400,-37400,37400,,,,,,,,,,,,,,,,,,,,,,,,,,,
53297,64401,1440153297,DIXON-2,SP-DIXON-JUL-AUG,FUTSTK,DIXON,XX,1438439400,7/31/2025,JUL,-1,XX,0,FUTSTK,DIXON,XX,1440858600,8/28/2025,AUG,-1,XX,50,50,100,50,50,100,1,N,0,1500000,-37500,37500,-37500,37500,,,,,,,,,,,,,,,,,,,,,,,,,,,
56907,53298,1329856907,DLF-1,SP-DLF-JUN-JUL,FUTSTK,DLF,XX,1435415400,6/26/2025,JUN,-1,XX,0,FUTSTK,DLF,XX,1438439400,7/31/2025,JUL,-1,XX,825,825,5,825,825,5,1,N,0,88260,-2210,2210,-2210,2210,,,,,,,,,,,,,,,,,,,,,,,,,,,
53298,64402,1440253298,DLF-2,SP-DLF-JUL-AUG,FUTSTK,DLF,XX,1438439400,7/31/2025,JUL,-1,XX,0,FUTSTK,DLF,XX,1440858600,8/28/2025,AUG,-1,XX,825,825,5,825,825,5,1,N,0,88240,-2210,2210,-2210,2210,,,,,,,,,,,,,,,,,,,,,,,,,,,
56908,53299,1329956908,DMART-1,SP-DMART-JUN-JUL,FUTSTK,DMART,XX,1435415400,6/26/2025,JUN,-1,XX,0,FUTSTK,DMART,XX,1438439400,7/31/2025,JUL,-1,XX,150,150,10,150,150,10,1,N,0,422320,-10560,10560,-10560,10560,,,,,,,,,,,,,,,,,,,,,,,,,,,
53299,64403,1440353299,DMART-2,SP-DMART-JUL-AUG,FUTSTK,DMART,XX,1438439400,7/31/2025,JUL,-1,XX,0,FUTSTK,DMART,XX,1440858600,8/28/2025,AUG,-1,XX,150,150,10,150,150,10,1,N,0,423460,-10590,10590,-10590,10590,,,,,,,,,,,,,,,,,,,,,,,,,,,
56909,53300,1330056909,DRREDDY-1,SP-DRREDDY-JUN-JUL,FUTSTK,DRREDDY,XX,1435415400,6/26/2025,JUN,-1,XX,0,FUTSTK,DRREDDY,XX,1438439400,7/31/2025,JUL,-1,XX,625,625,10,625,625,10,1,N,0,131710,-3300,3300,-3300,3300,,,,,,,,,,,,,,,,,,,,,,,,,,,
53300,64404,1440453300,DRREDDY-2,SP-DRREDDY-JUL-AUG,FUTSTK,DRREDDY,XX,1438439400,7/31/2025,JUL,-1,XX,0,FUTSTK,DRREDDY,XX,1440858600,8/28/2025,AUG,-1,XX,625,625,10,625,625,10,1,N,0,131330,-3290,3290,-3290,3290,,,,,,,,,,,,,,,,,,,,,,,,,,,
56910,53301,1330156910,EICHERMOT-1,SP-EICHERMOT-JUN-JUL,FUTSTK,EICHERMOT,XX,1435415400,6/26/2025,JUN,-1,XX,0,FUTSTK,EICHERMOT,XX,1438439400,7/31/2025,JUL,-1,XX,175,175,50,175,175,50,1,N,0,541750,-13550,13550,-13550,13550,,,,,,,,,,,,,,,,,,,,,,,,,,,
53301,64405,1440553301,EICHERMOT-2,SP-EICHERMOT-JUL-AUG,FUTSTK,EICHERMOT,XX,1438439400,7/31/2025,JUL,-1,XX,0,FUTSTK,EICHERMOT,XX,1440858600,8/28/2025,AUG,-1,XX,175,175,50,175,175,50,1,N,0,544500,-13650,13650,-13650,13650,,,,,,,,,,,,,,,,,,,,,,,,,,,
53302,64407,1440753302,ETERNAL-1,SP-ETERNAL-JUL-AUG,FUTSTK,ETERNAL,XX,1438439400,7/31/2025,JUL,-1,XX,0,FUTSTK,ETERNAL,XX,1440858600,8/28/2025,AUG,-1,XX,2425,2425,1,2425,2425,1,1,N,0,26391,-659,659,-659,659,,,,,,,,,,,,,,,,,,,,,,,,,,,
56911,53303,1330356911,EXIDEIND-1,SP-EXIDEIND-JUN-JUL,FUTSTK,EXIDEIND,XX,1435415400,6/26/2025,JUN,-1,XX,0,FUTSTK,EXIDEIND,XX,1438439400,7/31/2025,JUL,-1,XX,1800,1800,5,1800,1800,5,1,N,0,39455,-990,990,-990,990,,,,,,,,,,,,,,,,,,,,,,,,,,,
53303,64409,1440953303,EXIDEIND-2,SP-EXIDEIND-JUL-AUG,FUTSTK,EXIDEIND,XX,1438439400,7/31/2025,JUL,-1,XX,0,FUTSTK,EXIDEIND,XX,1440858600,8/28/2025,AUG,-1,XX,1800,1800,5,1800,1800,5,1,N,0,39520,-990,990,-990,990,,,,,,,,,,,,,,,,,,,,,,,,,,,
56918,53304,1330456918,FEDERALBNK-1,SP-FEDERALBNK-JUN-JUL,FUTSTK,FEDERALBNK,XX,1435415400,6/26/2025,JUN,-1,XX,0,FUTSTK,FEDERALBNK,XX,1438439400,7/31/2025,JUL,-1,XX,5000,5000,1,5000,5000,1,1,N,0,20877,-521,521,-521,521,,,,,,,,,,,,,,,,,,,,,,,,,,,
53304,64410,1441053304,FEDERALBNK-2,SP-FEDERALBNK-JUL-AUG,FUTSTK,FEDERALBNK,XX,1438439400,7/31/2025,JUL,-1,XX,0,FUTSTK,FEDERALBNK,XX,1440858600,8/28/2025,AUG,-1,XX,5000,5000,1,5000,5000,1,1,N,0,20963,-524,524,-524,524,,,,,,,,,,,,,,,,,,,,,,,,,,,
56783,64101,1410156783,FINNIFTY-1,SP-FINNIFTY-JUN-AUG,FUTIDX,FINNIFTY,XX,1435415400,6/26/2025,JUN,-1,XX,0,FUTIDX,FINNIFTY,XX,1440858600,8/28/2025,AUG,-1,XX,65,65,10,65,65,10,1,N,0,2695910,-53920,53920,-53920,53920,,,,,,,,,,,,,,,,,,,,,,,,,,,
56783,53214,1321456783,FINNIFTY-2,SP-FINNIFTY-JUN-JUL,FUTIDX,FINNIFTY,XX,1435415400,6/26/2025,JUN,-1,XX,0,FUTIDX,FINNIFTY,XX,1438439400,7/31/2025,JUL,-1,XX,65,65,10,65,65,10,1,N,0,2695910,-53920,53920,-53920,53920,,,,,,,,,,,,,,,,,,,,,,,,,,,
53214,64101,1410153214,FINNIFTY-3,SP-FINNIFTY-JUL-AUG,FUTIDX,FINNIFTY,XX,1438439400,7/31/2025,JUL,-1,XX,0,FUTIDX,FINNIFTY,XX,1440858600,8/28/2025,AUG,-1,XX,65,65,10,65,65,10,1,N,0,2702980,-54060,54060,-54060,54060,,,,,,,,,,,,,,,,,,,,,,,,,,,
64411,64412,1441264411,FORTIS-1,SP-FORTIS-JUN-JUL,FUTSTK,FORTIS,XX,1435415400,6/26/2025,JUN,-1,XX,0,FUTSTK,FORTIS,XX,1438439400,7/31/2025,JUL,-1,XX,775,775,5,775,775,5,1,N,0,76730,-1920,1920,-1920,1920,,,,,,,,,,,,,,,,,,,,,,,,,,,
64412,64413,1441364412,FORTIS-2,SP-FORTIS-JUL-AUG,FUTSTK,FORTIS,XX,1438439400,7/31/2025,JUL,-1,XX,0,FUTSTK,FORTIS,XX,1440858600,8/28/2025,AUG,-1,XX,775,775,5,775,775,5,1,N,0,77060,-1930,1930,-1930,1930,,,,,,,,,,,,,,,,,,,,,,,,,,,
53305,64414,1441453305,GAIL-1,SP-GAIL-JUL-AUG,FUTSTK,GAIL,XX,1438439400,7/31/2025,JUL,-1,XX,0,FUTSTK,GAIL,XX,1440858600,8/28/2025,AUG,-1,XX,3150,3150,1,3150,3150,1,1,N,0,19311,-482,482,-482,482,,,,,,,,,,,,,,,,,,,,,,,,,,,
53306,64415,1441553306,GLENMARK-1,SP-GLENMARK-JUL-AUG,FUTSTK,GLENMARK,XX,1438439400,7/31/2025,JUL,-1,XX,0,FUTSTK,GLENMARK,XX,1440858600,8/28/2025,AUG,-1,XX,375,375,10,375,375,10,1,N,0,160750,-4020,4020,-4020,4020,,,,,,,,,,,,,,,,,,,,,,,,,,,
53307,64416,1441653307,GMRAIRPORT-1,SP-GMRAIRPORT-JUL-AUG,FUTSTK,GMRAIRPORT,XX,1438439400,7/31/2025,JUL,-1,XX,0,FUTSTK,GMRAIRPORT,XX,1440858600,8/28/2025,AUG,-1,XX,6975,6975,1,6975,6975,1,1,N,0,8716,-217,217,-217,217,,,,,,,,,,,,,,,,,,,,,,,,,,,
56928,53308,1330856928,GODREJCP-1,SP-GODREJCP-JUN-JUL,FUTSTK,GODREJCP,XX,1435415400,6/26/2025,JUN,-1,XX,0,FUTSTK,GODREJCP,XX,1438439400,7/31/2025,JUL,-1,XX,500,500,10,500,500,10,1,N,0,121660,-3050,3050,-3050,3050,,,,,,,,,,,,,,,,,,,,,,,,,,,
53308,64417,1441753308,GODREJCP-2,SP-GODREJCP-JUL-AUG,FUTSTK,GODREJCP,XX,1438439400,7/31/2025,JUL,-1,XX,0,FUTSTK,GODREJCP,XX,1440858600,8/28/2025,AUG,-1,XX,500,500,10,500,500,10,1,N,0,122440,-3070,3070,-3070,3070,,,,,,,,,,,,,,,,,,,,,,,,,,,
53309,64418,1441853309,GODREJPROP-1,SP-GODREJPROP-JUL-AUG,FUTSTK,GODREJPROP,XX,1438439400,7/31/2025,JUL,-1,XX,0,FUTSTK,GODREJPROP,XX,1440858600,8/28/2025,AUG,-1,XX,275,275,10,275,275,10,1,N,0,249140,-6230,6230,-6230,6230,,,,,,,,,,,,,,,,,,,,,,,,,,,
53310,64419,1441953310,GRANULES-1,SP-GRANULES-JUL-AUG,FUTSTK,GRANULES,XX,1438439400,7/31/2025,JUL,-1,XX,0,FUTSTK,GRANULES,XX,1440858600,8/28/2025,AUG,-1,XX,1075,1075,5,1075,1075,5,1,N,0,53415,-1335,1335,-1335,1335,,,,,,,,,,,,,,,,,,,,,,,,,,,
56931,53311,1331156931,GRASIM-1,SP-GRASIM-JUN-JUL,FUTSTK,GRASIM,XX,1435415400,6/26/2025,JUN,-1,XX,0,FUTSTK,GRASIM,XX,1438439400,7/31/2025,JUL,-1,XX,250,250,10,250,250,10,1,N,0,258350,-6460,6460,-6460,6460,,,,,,,,,,,,,,,,,,,,,,,,,,,
53311,64420,1442053311,GRASIM-2,SP-GRASIM-JUL-AUG,FUTSTK,GRASIM,XX,1438439400,7/31/2025,JUL,-1,XX,0,FUTSTK,GRASIM,XX,1440858600,8/28/2025,AUG,-1,XX,250,250,10,250,250,10,1,N,0,260010,-6500,6500,-6500,6500,,,,,,,,,,,,,,,,,,,,,,,,,,,
56932,53312,1331256932,HAL-1,SP-HAL-JUN-JUL,FUTSTK,HAL,XX,1435415400,6/26/2025,JUN,-1,XX,0,FUTSTK,HAL,XX,1438439400,7/31/2025,JUL,-1,XX,150,150,10,150,150,10,1,N,0,500060,-12510,12510,-12510,12510,,,,,,,,,,,,,,,,,,,,,,,,,,,
53312,64421,1442153312,HAL-2,SP-HAL-JUL-AUG,FUTSTK,HAL,XX,1438439400,7/31/2025,JUL,-1,XX,0,FUTSTK,HAL,XX,1440858600,8/28/2025,AUG,-1,XX,150,150,10,150,150,10,1,N,0,503260,-12590,12590,-12590,12590,,,,,,,,,,,,,,,,,,,,,,,,,,,
56933,53313,1331356933,HAVELLS-1,SP-HAVELLS-JUN-JUL,FUTSTK,HAVELLS,XX,1435415400,6/26/2025,JUN,-1,XX,0,FUTSTK,HAVELLS,XX,1438439400,7/31/2025,JUL,-1,XX,500,500,10,500,500,10,1,N,0,152640,-3820,3820,-3820,3820,,,,,,,,,,,,,,,,,,,,,,,,,,,
53313,64422,1442253313,HAVELLS-2,SP-HAVELLS-JUL-AUG,FUTSTK,HAVELLS,XX,1438439400,7/31/2025,JUL,-1,XX,0,FUTSTK,HAVELLS,XX,1440858600,8/28/2025,AUG,-1,XX,500,500,10,500,500,10,1,N,0,153330,-3840,3840,-3840,3840,,,,,,,,,,,,,,,,,,,,,,,,,,,
56940,53314,1331456940,HCLTECH-1,SP-HCLTECH-JUN-JUL,FUTSTK,HCLTECH,XX,1435415400,6/26/2025,JUN,-1,XX,0,FUTSTK,HCLTECH,XX,1438439400,7/31/2025,JUL,-1,XX,350,350,10,350,350,10,1,N,0,164170,-4110,4110,-4110,4110,,,,,,,,,,,,,,,,,,,,,,,,,,,
53314,64423,1442353314,HCLTECH-2,SP-HCLTECH-JUL-AUG,FUTSTK,HCLTECH,XX,1438439400,7/31/2025,JUL,-1,XX,0,FUTSTK,HCLTECH,XX,1440858600,8/28/2025,AUG,-1,XX,350,350,10,350,350,10,1,N,0,164070,-4110,4110,-4110,4110,,,,,,,,,,,,,,,,,,,,,,,,,,,
56941,53315,1331556941,HDFCAMC-1,SP-HDFCAMC-JUN-JUL,FUTSTK,HDFCAMC,XX,1435415400,6/26/2025,JUN,-1,XX,0,FUTSTK,HDFCAMC,XX,1438439400,7/31/2025,JUL,-1,XX,150,150,10,150,150,10,1,N,0,503490,-12590,12590,-12590,12590,,,,,,,,,,,,,,,,,,,,,,,,,,,
53315,64424,1442453315,HDFCAMC-2,SP-HDFCAMC-JUL-AUG,FUTSTK,HDFCAMC,XX,1438439400,7/31/2025,JUL,-1,XX,0,FUTSTK,HDFCAMC,XX,1440858600,8/28/2025,AUG,-1,XX,150,150,10,150,150,10,1,N,0,503960,-12600,12600,-12600,12600,,,,,,,,,,,,,,,,,,,,,,,,,,,
56946,53316,1331656946,HDFCBANK-1,SP-HDFCBANK-JUN-JUL,FUTSTK,HDFCBANK,XX,1435415400,6/26/2025,JUN,-1,XX,0,FUTSTK,HDFCBANK,XX,1438439400,7/31/2025,JUL,-1,XX,550,550,10,550,550,10,1,N,0,198760,-4970,4970,-4970,4970,,,,,,,,,,,,,,,,,,,,,,,,,,,
53316,64425,1442553316,HDFCBANK-2,SP-HDFCBANK-JUL-AUG,FUTSTK,HDFCBANK,XX,1438439400,7/31/2025,JUL,-1,XX,0,FUTSTK,HDFCBANK,XX,1440858600,8/28/2025,AUG,-1,XX,550,550,10,550,550,10,1,N,0,197860,-4950,4950,-4950,4950,,,,,,,,,,,,,,,,,,,,,,,,,,,
56947,53317,1331756947,HDFCLIFE-1,SP-HDFCLIFE-JUN-JUL,FUTSTK,HDFCLIFE,XX,1435415400,6/26/2025,JUN,-1,XX,0,FUTSTK,HDFCLIFE,XX,1438439400,7/31/2025,JUL,-1,XX,1100,1100,5,1100,1100,5,1,N,0,75475,-1890,1890,-1890,1890,,,,,,,,,,,,,,,,,,,,,,,,,,,
53317,64426,1442653317,HDFCLIFE-2,SP-HDFCLIFE-JUL-AUG,FUTSTK,HDFCLIFE,XX,1438439400,7/31/2025,JUL,-1,XX,0,FUTSTK,HDFCLIFE,XX,1440858600,8/28/2025,AUG,-1,XX,1100,1100,5,1100,1100,5,1,N,0,75990,-1900,1900,-1900,1900,,,,,,,,,,,,,,,,,,,,,,,,,,,
56952,53318,1331856952,HEROMOTOCO-1,SP-HEROMOTOCO-JUN-JUL,FUTSTK,HEROMOTOCO,XX,1435415400,6/26/2025,JUN,-1,XX,0,FUTSTK,HEROMOTOCO,XX,1438439400,7/31/2025,JUL,-1,XX,150,150,10,150,150,10,1,N,0,427440,-10690,10690,-10690,10690,,,,,,,,,,,,,,,,,,,,,,,,,,,
53318,64427,1442753318,HEROMOTOCO-2,SP-HEROMOTOCO-JUL-AUG,FUTSTK,HEROMOTOCO,XX,1438439400,7/31/2025,JUL,-1,XX,0,FUTSTK,HEROMOTOCO,XX,1440858600,8/28/2025,AUG,-1,XX,150,150,10,150,150,10,1,N,0,423700,-10600,10600,-10600,10600,,,,,,,,,,,,,,,,,,,,,,,,,,,
53319,64428,1442853319,HFCL-1,SP-HFCL-JUL-AUG,FUTSTK,HFCL,XX,1438439400,7/31/2025,JUL,-1,XX,0,FUTSTK,HFCL,XX,1440858600,8/28/2025,AUG,-1,XX,6450,6450,1,6450,6450,1,1,N,0,9247,-231,231,-231,231,,,,,,,,,,,,,,,,,,,,,,,,,,,
56954,53321,1332156954,HINDALCO-1,SP-HINDALCO-JUN-JUL,FUTSTK,HINDALCO,XX,1435415400,6/26/2025,JUN,-1,XX,0,FUTSTK,HINDALCO,XX,1438439400,7/31/2025,JUL,-1,XX,1400,1400,5,1400,1400,5,1,N,0,65190,-1630,1630,-1630,1630,,,,,,,,,,,,,,,,,,,,,,,,,,,
53321,64429,1442953321,HINDALCO-2,SP-HINDALCO-JUL-AUG,FUTSTK,HINDALCO,XX,1438439400,7/31/2025,JUL,-1,XX,0,FUTSTK,HINDALCO,XX,1440858600,8/28/2025,AUG,-1,XX,1400,1400,5,1400,1400,5,1,N,0,65565,-1640,1640,-1640,1640,,,,,,,,,,,,,,,,,,,,,,,,,,,
56955,53322,1332256955,HINDCOPPER-1,SP-HINDCOPPER-JUN-JUL,FUTSTK,HINDCOPPER,XX,1435415400,6/26/2025,JUN,-1,XX,0,FUTSTK,HINDCOPPER,XX,1438439400,7/31/2025,JUL,-1,XX,2650,2650,1,2650,2650,1,1,N,0,25725,-643,643,-643,643,,,,,,,,,,,,,,,,,,,,,,,,,,,
56956,53323,1332356956,HINDPETRO-1,SP-HINDPETRO-JUN-JUL,FUTSTK,HINDPETRO,XX,1435415400,6/26/2025,JUN,-1,XX,0,FUTSTK,HINDPETRO,XX,1438439400,7/31/2025,JUL,-1,XX,2025,2025,5,2025,2025,5,1,N,0,40885,-1025,1025,-1025,1025,,,,,,,,,,,,,,,,,,,,,,,,,,,
53323,64430,1443053323,HINDPETRO-2,SP-HINDPETRO-JUL-AUG,FUTSTK,HINDPETRO,XX,1438439400,7/31/2025,JUL,-1,XX,0,FUTSTK,HINDPETRO,XX,1440858600,8/28/2025,AUG,-1,XX,2025,2025,5,2025,2025,5,1,N,0,41155,-1030,1030,-1030,1030,,,,,,,,,,,,,,,,,,,,,,,,,,,
56957,53324,1332456957,HINDUNILVR-1,SP-HINDUNILVR-JUN-JUL,FUTSTK,HINDUNILVR,XX,1435415400,6/26/2025,JUN,-1,XX,0,FUTSTK,HINDUNILVR,XX,1438439400,7/31/2025,JUL,-1,XX,300,300,10,300,300,10,1,N,0,237150,-5930,5930,-5930,5930,,,,,,,,,,,,,,,,,,,,,,,,,,,
53324,64431,1443153324,HINDUNILVR-2,SP-HINDUNILVR-JUL-AUG,FUTSTK,HINDUNILVR,XX,1438439400,7/31/2025,JUL,-1,XX,0,FUTSTK,HINDUNILVR,XX,1440858600,8/28/2025,AUG,-1,XX,300,300,10,300,300,10,1,N,0,238750,-5970,5970,-5970,5970,,,,,,,,,,,,,,,,,,,,,,,,,,,
56966,53325,1332556966,HINDZINC-1,SP-HINDZINC-JUN-JUL,FUTSTK,HINDZINC,XX,1435415400,6/26/2025,JUN,-1,XX,0,FUTSTK,HINDZINC,XX,1438439400,7/31/2025,JUL,-1,XX,1225,1225,5,1225,1225,5,1,N,0,50485,-1265,1265,-1265,1265,,,,,,,,,,,,,,,,,,,,,,,,,,,
53325,64432,1443253325,HINDZINC-2,SP-HINDZINC-JUL-AUG,FUTSTK,HINDZINC,XX,1438439400,7/31/2025,JUL,-1,XX,0,FUTSTK,HINDZINC,XX,1440858600,8/28/2025,AUG,-1,XX,1225,1225,5,1225,1225,5,1,N,0,50760,-1270,1270,-1270,1270,,,,,,,,,,,,,,,,,,,,,,,,,,,
53326,64433,1443353326,HUDCO-1,SP-HUDCO-JUL-AUG,FUTSTK,HUDCO,XX,1438439400,7/31/2025,JUL,-1,XX,0,FUTSTK,HUDCO,XX,1440858600,8/28/2025,AUG,-1,XX,2775,2775,1,2775,2775,1,1,N,0,24861,-621,621,-621,621,,,,,,,,,,,,,,,,,,,,,,,,,,,
56968,53327,1332756968,ICICIBANK-1,SP-ICICIBANK-JUN-JUL,FUTSTK,ICICIBANK,XX,1435415400,6/26/2025,JUN,-1,XX,0,FUTSTK,ICICIBANK,XX,1438439400,7/31/2025,JUL,-1,XX,700,700,10,700,700,10,1,N,0,146330,-3660,3660,-3660,3660,,,,,,,,,,,,,,,,,,,,,,,,,,,
53327,64434,1443453327,ICICIBANK-2,SP-ICICIBANK-JUL-AUG,FUTSTK,ICICIBANK,XX,1438439400,7/31/2025,JUL,-1,XX,0,FUTSTK,ICICIBANK,XX,1440858600,8/28/2025,AUG,-1,XX,700,700,10,700,700,10,1,N,0,147150,-3680,3680,-3680,3680,,,,,,,,,,,,,,,,,,,,,,,,,,,
53328,64435,1443553328,ICICIGI-1,SP-ICICIGI-JUL-AUG,FUTSTK,ICICIGI,XX,1438439400,7/31/2025,JUL,-1,XX,0,FUTSTK,ICICIGI,XX,1440858600,8/28/2025,AUG,-1,XX,325,325,10,325,325,10,1,N,0,202120,-5060,5060,-5060,5060,,,,,,,,,,,,,,,,,,,,,,,,,,,
53329,64436,1443653329,ICICIPRULI-1,SP-ICICIPRULI-JUL-AUG,FUTSTK,ICICIPRULI,XX,1438439400,7/31/2025,JUL,-1,XX,0,FUTSTK,ICICIPRULI,XX,1440858600,8/28/2025,AUG,-1,XX,925,925,5,925,925,5,1,N,0,64215,-1605,1605,-1605,1605,,,,,,,,,,,,,,,,,,,,,,,,,,,
53330,64437,1443753330,IDEA-1,SP-IDEA-JUL-AUG,FUTSTK,IDEA,XX,1438439400,7/31/2025,JUL,-1,XX,0,FUTSTK,IDEA,XX,1440858600,8/28/2025,AUG,-1,XX,71475,71475,1,71475,71475,1,1,N,0,701,-17,17,-17,17,,,,,,,,,,,,,,,,,,,,,,,,,,,
53334,64438,1443853334,IDFCFIRSTB-1,SP-IDFCFIRSTB-JUL-AUG,FUTSTK,IDFCFIRSTB,XX,1438439400,7/31/2025,JUL,-1,XX,0,FUTSTK,IDFCFIRSTB,XX,1440858600,8/28/2025,AUG,-1,XX,9275,9275,1,9275,9275,1,1,N,0,7209,-180,180,-180,180,,,,,,,,,,,,,,,,,,,,,,,,,,,
56973,53335,1333556973,IEX-1,SP-IEX-JUN-JUL,FUTSTK,IEX,XX,1435415400,6/26/2025,JUN,-1,XX,0,FUTSTK,IEX,XX,1438439400,7/31/2025,JUL,-1,XX,3750,3750,1,3750,3750,1,1,N,0,20340,-508,508,-508,508,,,,,,,,,,,,,,,,,,,,,,,,,,,
53335,64439,1443953335,IEX-2,SP-IEX-JUL-AUG,FUTSTK,IEX,XX,1438439400,7/31/2025,JUL,-1,XX,0,FUTSTK,IEX,XX,1440858600,8/28/2025,AUG,-1,XX,3750,3750,1,3750,3750,1,1,N,0,20438,-510,510,-510,510,,,,,,,,,,,,,,,,,,,,,,,,,,,
56986,53336,1333656986,IGL-1,SP-IGL-JUN-JUL,FUTSTK,IGL,XX,1435415400,6/26/2025,JUN,-1,XX,0,FUTSTK,IGL,XX,1438439400,7/31/2025,JUL,-1,XX,2750,2750,1,2750,2750,1,1,N,0,21207,-530,530,-530,530,,,,,,,,,,,,,,,,,,,,,,,,,,,
53336,64440,1444053336,IGL-2,SP-IGL-JUL-AUG,FUTSTK,IGL,XX,1438439400,7/31/2025,JUL,-1,XX,0,FUTSTK,IGL,XX,1440858600,8/28/2025,AUG,-1,XX,2750,2750,1,2750,2750,1,1,N,0,21167,-529,529,-529,529,,,,,,,,,,,,,,,,,,,,,,,,,,,
53337,64441,1444153337,IIFL-1,SP-IIFL-JUL-AUG,FUTSTK,IIFL,XX,1438439400,7/31/2025,JUL,-1,XX,0,FUTSTK,IIFL,XX,1440858600,8/28/2025,AUG,-1,XX,1650,1650,5,1650,1650,5,1,N,0,45555,-1140,1140,-1140,1140,,,,,,,,,,,,,,,,,,,,,,,,,,,
56988,53338,1333856988,INDHOTEL-1,SP-INDHOTEL-JUN-JUL,FUTSTK,INDHOTEL,XX,1435415400,6/26/2025,JUN,-1,XX,0,FUTSTK,INDHOTEL,XX,1438439400,7/31/2025,JUL,-1,XX,1000,1000,5,1000,1000,5,1,N,0,78030,-1950,1950,-1950,1950,,,,,,,,,,,,,,,,,,,,,,,,,,,
53338,64442,1444253338,INDHOTEL-2,SP-INDHOTEL-JUL-AUG,FUTSTK,INDHOTEL,XX,1438439400,7/31/2025,JUL,-1,XX,0,FUTSTK,INDHOTEL,XX,1440858600,8/28/2025,AUG,-1,XX,1000,1000,5,1000,1000,5,1,N,0,78320,-1960,1960,-1960,1960,,,,,,,,,,,,,,,,,,,,,,,,,,,
53339,64443,1444353339,INDIANB-1,SP-INDIANB-JUL-AUG,FUTSTK,INDIANB,XX,1438439400,7/31/2025,JUL,-1,XX,0,FUTSTK,INDIANB,XX,1440858600,8/28/2025,AUG,-1,XX,1000,1000,5,1000,1000,5,1,N,0,63720,-1595,1595,-1595,1595,,,,,,,,,,,,,,,,,,,,,,,,,,,
56990,53340,1334056990,INDIGO-1,SP-INDIGO-JUN-JUL,FUTSTK,INDIGO,XX,1435415400,6/26/2025,JUN,-1,XX,0,FUTSTK,INDIGO,XX,1438439400,7/31/2025,JUL,-1,XX,150,150,50,150,150,50,1,N,0,549800,-13750,13750,-13750,13750,,,,,,,,,,,,,,,,,,,,,,,,,,,
53340,64451,1445153340,INDIGO-2,SP-INDIGO-JUL-AUG,FUTSTK,INDIGO,XX,1438439400,7/31/2025,JUL,-1,XX,0,FUTSTK,INDIGO,XX,1440858600,8/28/2025,AUG,-1,XX,150,150,50,150,150,50,1,N,0,553150,-13850,13850,-13850,13850,,,,,,,,,,,,,,,,,,,,,,,,,,,
53341,64452,1445253341,INDUSINDBK-1,SP-INDUSINDBK-JUL-AUG,FUTSTK,INDUSINDBK,XX,1438439400,7/31/2025,JUL,-1,XX,0,FUTSTK,INDUSINDBK,XX,1440858600,8/28/2025,AUG,-1,XX,700,700,5,700,700,5,1,N,0,83225,-2080,2080,-2080,2080,,,,,,,,,,,,,,,,,,,,,,,,,,,
56994,53342,1334256994,INDUSTOWER-1,SP-INDUSTOWER-JUN-JUL,FUTSTK,INDUSTOWER,XX,1435415400,6/26/2025,JUN,-1,XX,0,FUTSTK,INDUSTOWER,XX,1438439400,7/31/2025,JUL,-1,XX,1700,1700,5,1700,1700,5,1,N,0,39210,-980,980,-980,980,,,,,,,,,,,,,,,,,,,,,,,,,,,
53342,64453,1445353342,INDUSTOWER-2,SP-INDUSTOWER-JUL-AUG,FUTSTK,INDUSTOWER,XX,1438439400,7/31/2025,JUL,-1,XX,0,FUTSTK,INDUSTOWER,XX,1440858600,8/28/2025,AUG,-1,XX,1700,1700,5,1700,1700,5,1,N,0,39465,-990,990,-990,990,,,,,,,,,,,,,,,,,,,,,,,,,,,
56995,53343,1334356995,INFY-1,SP-INFY-JUN-JUL,FUTSTK,INFY,XX,1435415400,6/26/2025,JUN,-1,XX,0,FUTSTK,INFY,XX,1438439400,7/31/2025,JUL,-1,XX,400,400,10,400,400,10,1,N,0,156760,-3920,3920,-3920,3920,,,,,,,,,,,,,,,,,,,,,,,,,,,
53343,64454,1445453343,INFY-2,SP-INFY-JUL-AUG,FUTSTK,INFY,XX,1438439400,7/31/2025,JUL,-1,XX,0,FUTSTK,INFY,XX,1440858600,8/28/2025,AUG,-1,XX,400,400,10,400,400,10,1,N,0,157770,-3950,3950,-3950,3950,,,,,,,,,,,,,,,,,,,,,,,,,,,
57002,53344,1334457002,INOXWIND-1,SP-INOXWIND-JUN-JUL,FUTSTK,INOXWIND,XX,1435415400,6/26/2025,JUN,-1,XX,0,FUTSTK,INOXWIND,XX,1438439400,7/31/2025,JUL,-1,XX,3225,3225,1,3225,3225,1,1,N,0,18380,-663,255,-663,255,,,,,,,,,,,,,,,,,,,,,,,,,,,
53344,64456,1445653344,INOXWIND-2,SP-INOXWIND-JUL-AUG,FUTSTK,INOXWIND,XX,1438439400,7/31/2025,JUL,-1,XX,0,FUTSTK,INOXWIND,XX,1440858600,8/28/2025,AUG,-1,XX,3225,3225,1,3225,3225,1,1,N,0,18176,-454,454,-454,454,,,,,,,,,,,,,,,,,,,,,,,,,,,
57003,53345,1334557003,IOC-1,SP-IOC-JUN-JUL,FUTSTK,IOC,XX,1435415400,6/26/2025,JUN,-1,XX,0,FUTSTK,IOC,XX,1438439400,7/31/2025,JUL,-1,XX,4875,4875,1,4875,4875,1,1,N,0,14133,-353,353,-353,353,,,,,,,,,,,,,,,,,,,,,,,,,,,
53345,64457,1445753345,IOC-2,SP-IOC-JUL-AUG,FUTSTK,IOC,XX,1438439400,7/31/2025,JUL,-1,XX,0,FUTSTK,IOC,XX,1440858600,8/28/2025,AUG,-1,XX,4875,4875,1,4875,4875,1,1,N,0,14224,-355,355,-355,355,,,,,,,,,,,,,,,,,,,,,,,,,,,
53346,64547,1454753346,IRB-1,SP-IRB-JUL-AUG,FUTSTK,IRB,XX,1438439400,7/31/2025,JUL,-1,XX,0,FUTSTK,IRB,XX,1440858600,8/28/2025,AUG,-1,XX,11675,11675,1,11675,11675,1,1,N,0,5214,-130,130,-130,130,,,,,,,,,,,,,,,,,,,,,,,,,,,
57005,53347,1334757005,IRCTC-1,SP-IRCTC-JUN-JUL,FUTSTK,IRCTC,XX,1435415400,6/26/2025,JUN,-1,XX,0,FUTSTK,IRCTC,XX,1438439400,7/31/2025,JUL,-1,XX,875,875,5,875,875,5,1,N,0,78360,-1960,1960,-1960,1960,,,,,,,,,,,,,,,,,,,,,,,,,,,
53347,64548,1454853347,IRCTC-2,SP-IRCTC-JUL-AUG,FUTSTK,IRCTC,XX,1438439400,7/31/2025,JUL,-1,XX,0,FUTSTK,IRCTC,XX,1440858600,8/28/2025,AUG,-1,XX,875,875,5,875,875,5,1,N,0,78790,-1970,1970,-1970,1970,,,,,,,,,,,,,,,,,,,,,,,,,,,
53348,64613,1461353348,IREDA-1,SP-IREDA-JUL-AUG,FUTSTK,IREDA,XX,1438439400,7/31/2025,JUL,-1,XX,0,FUTSTK,IREDA,XX,1440858600,8/28/2025,AUG,-1,XX,3450,3450,1,3450,3450,1,1,N,0,16831,-420,420,-420,420,,,,,,,,,,,,,,,,,,,,,,,,,,,
53351,64614,1461453351,IRFC-1,SP-IRFC-JUL-AUG,FUTSTK,IRFC,XX,1438439400,7/31/2025,JUL,-1,XX,0,FUTSTK,IRFC,XX,1440858600,8/28/2025,AUG,-1,XX,4250,4250,1,4250,4250,1,1,N,0,14639,-365,365,-365,365,,,,,,,,,,,,,,,,,,,,,,,,,,,
57012,53352,1335257012,ITC-1,SP-ITC-JUN-JUL,FUTSTK,ITC,XX,1435415400,6/26/2025,JUN,-1,XX,0,FUTSTK,ITC,XX,1438439400,7/31/2025,JUL,-1,XX,1600,1600,5,1600,1600,5,1,N,0,42220,-1055,1055,-1055,1055,,,,,,,,,,,,,,,,,,,,,,,,,,,
53352,64615,1461553352,ITC-2,SP-ITC-JUL-AUG,FUTSTK,ITC,XX,1438439400,7/31/2025,JUL,-1,XX,0,FUTSTK,ITC,XX,1440858600,8/28/2025,AUG,-1,XX,1600,1600,5,1600,1600,5,1,N,0,42495,-1065,1065,-1065,1065,,,,,,,,,,,,,,,,,,,,,,,,,,,
57013,53353,1335357013,JINDALSTEL-1,SP-JINDALSTEL-JUN-JUL,FUTSTK,JINDALSTEL,XX,1435415400,6/26/2025,JUN,-1,XX,0,FUTSTK,JINDALSTEL,XX,1438439400,7/31/2025,JUL,-1,XX,625,625,5,625,625,5,1,N,0,96725,-2420,2420,-2420,2420,,,,,,,,,,,,,,,,,,,,,,,,,,,
53353,64616,1461653353,JINDALSTEL-2,SP-JINDALSTEL-JUL-AUG,FUTSTK,JINDALSTEL,XX,1438439400,7/31/2025,JUL,-1,XX,0,FUTSTK,JINDALSTEL,XX,1440858600,8/28/2025,AUG,-1,XX,625,625,5,625,625,5,1,N,0,97315,-2435,2435,-2435,2435,,,,,,,,,,,,,,,,,,,,,,,,,,,
53354,64617,1461753354,JIOFIN-1,SP-JIOFIN-JUL-AUG,FUTSTK,JIOFIN,XX,1438439400,7/31/2025,JUL,-1,XX,0,FUTSTK,JIOFIN,XX,1440858600,8/28/2025,AUG,-1,XX,2350,2350,5,2350,2350,5,1,N,0,29745,-745,745,-745,745,,,,,,,,,,,,,,,,,,,,,,,,,,,
53355,64618,1461853355,JSL-1,SP-JSL-JUL-AUG,FUTSTK,JSL,XX,1438439400,7/31/2025,JUL,-1,XX,0,FUTSTK,JSL,XX,1440858600,8/28/2025,AUG,-1,XX,850,850,5,850,850,5,1,N,0,69680,-1745,1745,-1745,1745,,,,,,,,,,,,,,,,,,,,,,,,,,,
53358,64619,1461953358,JSWENERGY-1,SP-JSWENERGY-JUL-AUG,FUTSTK,JSWENERGY,XX,1438439400,7/31/2025,JUL,-1,XX,0,FUTSTK,JSWENERGY,XX,1440858600,8/28/2025,AUG,-1,XX,1000,1000,5,1000,1000,5,1,N,0,52850,-1325,1325,-1325,1325,,,,,,,,,,,,,,,,,,,,,,,,,,,
57025,53359,1335957025,JSWSTEEL-1,SP-JSWSTEEL-JUN-JUL,FUTSTK,JSWSTEEL,XX,1435415400,6/26/2025,JUN,-1,XX,0,FUTSTK,JSWSTEEL,XX,1438439400,7/31/2025,JUL,-1,XX,675,675,5,675,675,5,1,N,0,100975,-2525,2525,-2525,2525,,,,,,,,,,,,,,,,,,,,,,,,,,,
53359,64620,1462053359,JSWSTEEL-2,SP-JSWSTEEL-JUL-AUG,FUTSTK,JSWSTEEL,XX,1438439400,7/31/2025,JUL,-1,XX,0,FUTSTK,JSWSTEEL,XX,1440858600,8/28/2025,AUG,-1,XX,675,675,5,675,675,5,1,N,0,101320,-2535,2535,-2535,2535,,,,,,,,,,,,,,,,,,,,,,,,,,,
57026,53366,1336657026,JUBLFOOD-1,SP-JUBLFOOD-JUN-JUL,FUTSTK,JUBLFOOD,XX,1435415400,6/26/2025,JUN,-1,XX,0,FUTSTK,JUBLFOOD,XX,1438439400,7/31/2025,JUL,-1,XX,1250,1250,5,1250,1250,5,1,N,0,69700,-1745,1745,-1745,1745,,,,,,,,,,,,,,,,,,,,,,,,,,,
53366,64621,1462153366,JUBLFOOD-2,SP-JUBLFOOD-JUL-AUG,FUTSTK,JUBLFOOD,XX,1438439400,7/31/2025,JUL,-1,XX,0,FUTSTK,JUBLFOOD,XX,1440858600,8/28/2025,AUG,-1,XX,1250,1250,5,1250,1250,5,1,N,0,69875,-1750,1750,-1750,1750,,,,,,,,,,,,,,,,,,,,,,,,,,,
53367,64622,1462253367,KALYANKJIL-1,SP-KALYANKJIL-JUL-AUG,FUTSTK,KALYANKJIL,XX,1438439400,7/31/2025,JUL,-1,XX,0,FUTSTK,KALYANKJIL,XX,1440858600,8/28/2025,AUG,-1,XX,1175,1175,5,1175,1175,5,1,N,0,56615,-1415,1415,-1415,1415,,,,,,,,,,,,,,,,,,,,,,,,,,,
64623,64624,1462464623,KAYNES-1,SP-KAYNES-JUN-JUL,FUTSTK,KAYNES,XX,1435415400,6/26/2025,JUN,-1,XX,0,FUTSTK,KAYNES,XX,1438439400,7/31/2025,JUL,-1,XX,100,100,50,100,100,50,1,N,0,576300,-14450,14450,-14450,14450,,,,,,,,,,,,,,,,,,,,,,,,,,,
64624,64625,1462564624,KAYNES-2,SP-KAYNES-JUL-AUG,FUTSTK,KAYNES,XX,1438439400,7/31/2025,JUL,-1,XX,0,FUTSTK,KAYNES,XX,1440858600,8/28/2025,AUG,-1,XX,100,100,50,100,100,50,1,N,0,577150,-14450,14450,-14450,14450,,,,,,,,,,,,,,,,,,,,,,,,,,,
53368,64626,1462653368,KEI-1,SP-KEI-JUL-AUG,FUTSTK,KEI,XX,1438439400,7/31/2025,JUL,-1,XX,0,FUTSTK,KEI,XX,1440858600,8/28/2025,AUG,-1,XX,175,175,10,175,175,10,1,N,0,376170,-9410,9410,-9410,9410,,,,,,,,,,,,,,,,,,,,,,,,,,,
57033,53369,1336957033,KOTAKBANK-1,SP-KOTAKBANK-JUN-JUL,FUTSTK,KOTAKBANK,XX,1435415400,6/26/2025,JUN,-1,XX,0,FUTSTK,KOTAKBANK,XX,1438439400,7/31/2025,JUL,-1,XX,400,400,10,400,400,10,1,N,0,207820,-5200,5200,-5200,5200,,,,,,,,,,,,,,,,,,,,,,,,,,,
53369,64627,1462753369,KOTAKBANK-2,SP-KOTAKBANK-JUL-AUG,FUTSTK,KOTAKBANK,XX,1438439400,7/31/2025,JUL,-1,XX,0,FUTSTK,KOTAKBANK,XX,1440858600,8/28/2025,AUG,-1,XX,400,400,10,400,400,10,1,N,0,208980,-5230,5230,-5230,5230,,,,,,,,,,,,,,,,,,,,,,,,,,,
57034,53370,1337057034,KPITTECH-1,SP-KPITTECH-JUN-JUL,FUTSTK,KPITTECH,XX,1435415400,6/26/2025,JUN,-1,XX,0,FUTSTK,KPITTECH,XX,1438439400,7/31/2025,JUL,-1,XX,400,400,10,400,400,10,1,N,0,132000,-3300,3300,-3300,3300,,,,,,,,,,,,,,,,,,,,,,,,,,,
53370,64628,1462853370,KPITTECH-2,SP-KPITTECH-JUL-AUG,FUTSTK,KPITTECH,XX,1438439400,7/31/2025,JUL,-1,XX,0,FUTSTK,KPITTECH,XX,1440858600,8/28/2025,AUG,-1,XX,400,400,10,400,400,10,1,N,0,132510,-3320,3320,-3320,3320,,,,,,,,,,,,,,,,,,,,,,,,,,,
57035,53371,1337157035,LAURUSLABS-1,SP-LAURUSLABS-JUN-JUL,FUTSTK,LAURUSLABS,XX,1435415400,6/26/2025,JUN,-1,XX,0,FUTSTK,LAURUSLABS,XX,1438439400,7/31/2025,JUL,-1,XX,1700,1700,5,1700,1700,5,1,N,0,64530,-1615,1615,-1615,1615,,,,,,,,,,,,,,,,,,,,,,,,,,,
53371,64629,1462953371,LAURUSLABS-2,SP-LAURUSLABS-JUL-AUG,FUTSTK,LAURUSLABS,XX,1438439400,7/31/2025,JUL,-1,XX,0,FUTSTK,LAURUSLABS,XX,1440858600,8/28/2025,AUG,-1,XX,1700,1700,5,1700,1700,5,1,N,0,64890,-1625,1625,-1625,1625,,,,,,,,,,,,,,,,,,,,,,,,,,,
57038,53372,1337257038,LICHSGFIN-1,SP-LICHSGFIN-JUN-JUL,FUTSTK,LICHSGFIN,XX,1435415400,6/26/2025,JUN,-1,XX,0,FUTSTK,LICHSGFIN,XX,1438439400,7/31/2025,JUL,-1,XX,1000,1000,5,1000,1000,5,1,N,0,61665,-1545,1545,-1545,1545,,,,,,,,,,,,,,,,,,,,,,,,,,,
53372,64630,1463053372,LICHSGFIN-2,SP-LICHSGFIN-JUL-AUG,FUTSTK,LICHSGFIN,XX,1438439400,7/31/2025,JUL,-1,XX,0,FUTSTK,LICHSGFIN,XX,1440858600,8/28/2025,AUG,-1,XX,1000,1000,5,1000,1000,5,1,N,0,62070,-1555,1555,-1555,1555,,,,,,,,,,,,,,,,,,,,,,,,,,,
53373,64631,1463153373,LICI-1,SP-LICI-JUL-AUG,FUTSTK,LICI,XX,1438439400,7/31/2025,JUL,-1,XX,0,FUTSTK,LICI,XX,1440858600,8/28/2025,AUG,-1,XX,700,700,5,700,700,5,1,N,0,95905,-2400,2400,-2400,2400,,,,,,,,,,,,,,,,,,,,,,,,,,,
57042,53374,1337457042,LODHA-1,SP-LODHA-JUN-JUL,FUTSTK,LODHA,XX,1435415400,6/26/2025,JUN,-1,XX,0,FUTSTK,LODHA,XX,1438439400,7/31/2025,JUL,-1,XX,450,450,10,450,450,10,1,N,0,152320,-3810,3810,-3810,3810,,,,,,,,,,,,,,,,,,,,,,,,,,,
53374,64632,1463253374,LODHA-2,SP-LODHA-JUL-AUG,FUTSTK,LODHA,XX,1438439400,7/31/2025,JUL,-1,XX,0,FUTSTK,LODHA,XX,1440858600,8/28/2025,AUG,-1,XX,450,450,10,450,450,10,1,N,0,152600,-3820,3820,-3820,3820,,,,,,,,,,,,,,,,,,,,,,,,,,,
53375,64633,1463353375,LT-1,SP-LT-JUL-AUG,FUTSTK,LT,XX,1438439400,7/31/2025,JUL,-1,XX,0,FUTSTK,LT,XX,1440858600,8/28/2025,AUG,-1,XX,175,175,10,175,175,10,1,N,0,369820,-9250,9250,-9250,9250,,,,,,,,,,,,,,,,,,,,,,,,,,,
57048,53376,1337657048,LTF-1,SP-LTF-JUN-JUL,FUTSTK,LTF,XX,1435415400,6/26/2025,JUN,-1,XX,0,FUTSTK,LTF,XX,1438439400,7/31/2025,JUL,-1,XX,4462,4462,1,4462,4462,1,1,N,0,19002,-475,475,-475,475,,,,,,,,,,,,,,,,,,,,,,,,,,,
53376,64634,1463453376,LTF-2,SP-LTF-JUL-AUG,FUTSTK,LTF,XX,1438439400,7/31/2025,JUL,-1,XX,0,FUTSTK,LTF,XX,1440858600,8/28/2025,AUG,-1,XX,4462,4462,1,4462,4462,1,1,N,0,18911,-472,472,-472,472,,,,,,,,,,,,,,,,,,,,,,,,,,,
57049,53377,1337757049,LTIM-1,SP-LTIM-JUN-JUL,FUTSTK,LTIM,XX,1435415400,6/26/2025,JUN,-1,XX,0,FUTSTK,LTIM,XX,1438439400,7/31/2025,JUL,-1,XX,150,150,50,150,150,50,1,N,0,521450,-13050,13050,-13050,13050,,,,,,,,,,,,,,,,,,,,,,,,,,,
53377,64635,1463553377,LTIM-2,SP-LTIM-JUL-AUG,FUTSTK,LTIM,XX,1438439400,7/31/2025,JUL,-1,XX,0,FUTSTK,LTIM,XX,1440858600,8/28/2025,AUG,-1,XX,150,150,50,150,150,50,1,N,0,524400,-13150,13150,-13150,13150,,,,,,,,,,,,,,,,,,,,,,,,,,,
57050,53378,1337857050,LUPIN-1,SP-LUPIN-JUN-JUL,FUTSTK,LUPIN,XX,1435415400,6/26/2025,JUN,-1,XX,0,FUTSTK,LUPIN,XX,1438439400,7/31/2025,JUL,-1,XX,425,425,10,425,425,10,1,N,0,200950,-5030,5030,-5030,5030,,,,,,,,,,,,,,,,,,,,,,,,,,,
53378,64636,1463653378,LUPIN-2,SP-LUPIN-JUL-AUG,FUTSTK,LUPIN,XX,1438439400,7/31/2025,JUL,-1,XX,0,FUTSTK,LUPIN,XX,1440858600,8/28/2025,AUG,-1,XX,425,425,10,425,425,10,1,N,0,201040,-5030,5030,-5030,5030,,,,,,,,,,,,,,,,,,,,,,,,,,,
53379,64637,1463753379,M&M-1,SP-M&M-JUL-AUG,FUTSTK,M&M,XX,1438439400,7/31/2025,JUL,-1,XX,0,FUTSTK,M&M,XX,1440858600,8/28/2025,AUG,-1,XX,200,200,10,200,200,10,1,N,0,311240,-7790,7790,-7790,7790,,,,,,,,,,,,,,,,,,,,,,,,,,,
57052,53380,1338057052,M&MFIN-1,SP-M&MFIN-JUN-JUL,FUTSTK,M&MFIN,XX,1435415400,6/26/2025,JUN,-1,XX,0,FUTSTK,M&MFIN,XX,1438439400,7/31/2025,JUL,-1,XX,2056,2056,5,2056,2056,5,1,N,0,27710,-695,695,-695,695,,,,,,,,,,,,,,,,,,,,,,,,,,,
57053,53381,1338157053,MANAPPURAM-1,SP-MANAPPURAM-JUN-JUL,FUTSTK,MANAPPURAM,XX,1435415400,6/26/2025,JUN,-1,XX,0,FUTSTK,MANAPPURAM,XX,1438439400,7/31/2025,JUL,-1,XX,3000,3000,1,3000,3000,1,1,N,0,24810,-620,620,-620,620,,,,,,,,,,,,,,,,,,,,,,,,,,,
53381,64897,1489753381,MANAPPURAM-2,SP-MANAPPURAM-JUL-AUG,FUTSTK,MANAPPURAM,XX,1438439400,7/31/2025,JUL,-1,XX,0,FUTSTK,MANAPPURAM,XX,1440858600,8/28/2025,AUG,-1,XX,3000,3000,1,3000,3000,1,1,N,0,24939,-623,623,-623,623,,,,,,,,,,,,,,,,,,,,,,,,,,,
64898,64901,1490164898,MANKIND-1,SP-MANKIND-JUN-JUL,FUTSTK,MANKIND,XX,1435415400,6/26/2025,JUN,-1,XX,0,FUTSTK,MANKIND,XX,1438439400,7/31/2025,JUL,-1,XX,225,225,10,225,225,10,1,N,0,236430,-5910,5910,-5910,5910,,,,,,,,,,,,,,,,,,,,,,,,,,,
64901,64902,1490264901,MANKIND-2,SP-MANKIND-JUL-AUG,FUTSTK,MANKIND,XX,1438439400,7/31/2025,JUL,-1,XX,0,FUTSTK,MANKIND,XX,1440858600,8/28/2025,AUG,-1,XX,225,225,10,225,225,10,1,N,0,237920,-5950,5950,-5950,5950,,,,,,,,,,,,,,,,,,,,,,,,,,,
57054,53382,1338257054,MARICO-1,SP-MARICO-JUN-JUL,FUTSTK,MARICO,XX,1435415400,6/26/2025,JUN,-1,XX,0,FUTSTK,MARICO,XX,1438439400,7/31/2025,JUL,-1,XX,1200,1200,5,1200,1200,5,1,N,0,70245,-1760,1760,-1760,1760,,,,,,,,,,,,,,,,,,,,,,,,,,,
53382,64903,1490353382,MARICO-2,SP-MARICO-JUL-AUG,FUTSTK,MARICO,XX,1438439400,7/31/2025,JUL,-1,XX,0,FUTSTK,MARICO,XX,1440858600,8/28/2025,AUG,-1,XX,1200,1200,5,1200,1200,5,1,N,0,70690,-1770,1770,-1770,1770,,,,,,,,,,,,,,,,,,,,,,,,,,,
57055,53383,1338357055,MARUTI-1,SP-MARUTI-JUN-JUL,FUTSTK,MARUTI,XX,1435415400,6/26/2025,JUN,-1,XX,0,FUTSTK,MARUTI,XX,1438439400,7/31/2025,JUL,-1,XX,50,50,100,50,50,100,1,N,0,1246400,-31200,31200,-31200,31200,,,,,,,,,,,,,,,,,,,,,,,,,,,
53383,64904,1490453383,MARUTI-2,SP-MARUTI-JUL-AUG,FUTSTK,MARUTI,XX,1438439400,7/31/2025,JUL,-1,XX,0,FUTSTK,MARUTI,XX,1440858600,8/28/2025,AUG,-1,XX,50,50,100,50,50,100,1,N,0,1252800,-31400,31400,-31400,31400,,,,,,,,,,,,,,,,,,,,,,,,,,,
57056,53384,1338457056,MAXHEALTH-1,SP-MAXHEALTH-JUN-JUL,FUTSTK,MAXHEALTH,XX,1435415400,6/26/2025,JUN,-1,XX,0,FUTSTK,MAXHEALTH,XX,1438439400,7/31/2025,JUL,-1,XX,525,525,10,525,525,10,1,N,0,117420,-2940,2940,-2940,2940,,,,,,,,,,,,,,,,,,,,,,,,,,,
53384,64905,1490553384,MAXHEALTH-2,SP-MAXHEALTH-JUL-AUG,FUTSTK,MAXHEALTH,XX,1438439400,7/31/2025,JUL,-1,XX,0,FUTSTK,MAXHEALTH,XX,1440858600,8/28/2025,AUG,-1,XX,525,525,10,525,525,10,1,N,0,118020,-2950,2950,-2950,2950,,,,,,,,,,,,,,,,,,,,,,,,,,,
64906,64907,1490764906,MAZDOCK-1,SP-MAZDOCK-JUN-JUL,FUTSTK,MAZDOCK,XX,1435415400,6/26/2025,JUN,-1,XX,0,FUTSTK,MAZDOCK,XX,1438439400,7/31/2025,JUL,-1,XX,175,175,10,175,175,10,1,N,0,342120,-8560,8560,-8560,8560,,,,,,,,,,,,,,,,,,,,,,,,,,,
64907,64908,1490864907,MAZDOCK-2,SP-MAZDOCK-JUL-AUG,FUTSTK,MAZDOCK,XX,1438439400,7/31/2025,JUL,-1,XX,0,FUTSTK,MAZDOCK,XX,1440858600,8/28/2025,AUG,-1,XX,175,175,10,175,175,10,1,N,0,343580,-8590,8590,-8590,8590,,,,,,,,,,,,,,,,,,,,,,,,,,,
53385,64938,1493853385,MCX-1,SP-MCX-JUL-AUG,FUTSTK,MCX,XX,1438439400,7/31/2025,JUL,-1,XX,0,FUTSTK,MCX,XX,1440858600,8/28/2025,AUG,-1,XX,125,125,50,125,125,50,1,N,0,749150,-18750,18750,-18750,18750,,,,,,,,,,,,,,,,,,,,,,,,,,,
57058,53386,1338657058,MFSL-1,SP-MFSL-JUN-JUL,FUTSTK,MFSL,XX,1435415400,6/26/2025,JUN,-1,XX,0,FUTSTK,MFSL,XX,1438439400,7/31/2025,JUL,-1,XX,800,800,10,800,800,10,1,N,0,151560,-3790,3790,-3790,3790,,,,,,,,,,,,,,,,,,,,,,,,,,,
53386,64939,1493953386,MFSL-2,SP-MFSL-JUL-AUG,FUTSTK,MFSL,XX,1438439400,7/31/2025,JUL,-1,XX,0,FUTSTK,MFSL,XX,1440858600,8/28/2025,AUG,-1,XX,800,800,10,800,800,10,1,N,0,152060,-3810,3810,-3810,3810,,,,,,,,,,,,,,,,,,,,,,,,,,,
57059,53387,1338757059,MGL-1,SP-MGL-JUN-JUL,FUTSTK,MGL,XX,1435415400,6/26/2025,JUN,-1,XX,0,FUTSTK,MGL,XX,1438439400,7/31/2025,JUL,-1,XX,400,400,10,400,400,10,1,N,0,133490,-3340,3340,-3340,3340,,,,,,,,,,,,,,,,,,,,,,,,,,,
53215,64102,1410253215,MIDCPNIFTY-1,SP-MIDCPNIFTY-JUL-AUG,FUTIDX,MIDCPNIFTY,XX,1438439400,7/31/2025,JUL,-1,XX,0,FUTIDX,MIDCPNIFTY,XX,1440858600,8/28/2025,AUG,-1,XX,140,140,5,140,140,5,1,N,0,1322835,-26460,26460,-26460,26460,,,,,,,,,,,,,,,,,,,,,,,,,,,
53388,64942,1494253388,MOTHERSON-1,SP-MOTHERSON-JUL-AUG,FUTSTK,MOTHERSON,XX,1438439400,7/31/2025,JUL,-1,XX,0,FUTSTK,MOTHERSON,XX,1440858600,8/28/2025,AUG,-1,XX,4100,4100,1,4100,4100,1,1,N,0,15865,-396,396,-396,396,,,,,,,,,,,,,,,,,,,,,,,,,,,
57061,53389,1338957061,MPHASIS-1,SP-MPHASIS-JUN-JUL,FUTSTK,MPHASIS,XX,1435415400,6/26/2025,JUN,-1,XX,0,FUTSTK,MPHASIS,XX,1438439400,7/31/2025,JUL,-1,XX,275,275,10,275,275,10,1,N,0,255900,-6400,6400,-6400,6400,,,,,,,,,,,,,,,,,,,,,,,,,,,
53389,64943,1494353389,MPHASIS-2,SP-MPHASIS-JUL-AUG,FUTSTK,MPHASIS,XX,1438439400,7/31/2025,JUL,-1,XX,0,FUTSTK,MPHASIS,XX,1440858600,8/28/2025,AUG,-1,XX,275,275,10,275,275,10,1,N,0,257590,-6440,6440,-6440,6440,,,,,,,,,,,,,,,,,,,,,,,,,,,
57062,53390,1339057062,MUTHOOTFIN-1,SP-MUTHOOTFIN-JUN-JUL,FUTSTK,MUTHOOTFIN,XX,1435415400,6/26/2025,JUN,-1,XX,0,FUTSTK,MUTHOOTFIN,XX,1438439400,7/31/2025,JUL,-1,XX,275,275,10,275,275,10,1,N,0,245460,-6140,6140,-6140,6140,,,,,,,,,,,,,,,,,,,,,,,,,,,
53390,64944,1494453390,MUTHOOTFIN-2,SP-MUTHOOTFIN-JUL-AUG,FUTSTK,MUTHOOTFIN,XX,1438439400,7/31/2025,JUL,-1,XX,0,FUTSTK,MUTHOOTFIN,XX,1440858600,8/28/2025,AUG,-1,XX,275,275,10,275,275,10,1,N,0,246500,-6170,6170,-6170,6170,,,,,,,,,,,,,,,,,,,,,,,,,,,
57063,53391,1339157063,NATIONALUM-1,SP-NATIONALUM-JUN-JUL,FUTSTK,NATIONALUM,XX,1435415400,6/26/2025,JUN,-1,XX,0,FUTSTK,NATIONALUM,XX,1438439400,7/31/2025,JUL,-1,XX,3750,3750,1,3750,3750,1,1,N,0,18917,-472,472,-472,472,,,,,,,,,,,,,,,,,,,,,,,,,,,
53391,64949,1494953391,NATIONALUM-2,SP-NATIONALUM-JUL-AUG,FUTSTK,NATIONALUM,XX,1438439400,7/31/2025,JUL,-1,XX,0,FUTSTK,NATIONALUM,XX,1440858600,8/28/2025,AUG,-1,XX,3750,3750,1,3750,3750,1,1,N,0,19021,-475,475,-475,475,,,,,,,,,,,,,,,,,,,,,,,,,,,
57064,53392,1339257064,NAUKRI-1,SP-NAUKRI-JUN-JUL,FUTSTK,NAUKRI,XX,1435415400,6/26/2025,JUN,-1,XX,0,FUTSTK,NAUKRI,XX,1438439400,7/31/2025,JUL,-1,XX,375,375,10,375,375,10,1,N,0,151080,-3780,3780,-3780,3780,,,,,,,,,,,,,,,,,,,,,,,,,,,
53392,64950,1495053392,NAUKRI-2,SP-NAUKRI-JUL-AUG,FUTSTK,NAUKRI,XX,1438439400,7/31/2025,JUL,-1,XX,0,FUTSTK,NAUKRI,XX,1440858600,8/28/2025,AUG,-1,XX,375,375,10,375,375,10,1,N,0,151610,-3790,3790,-3790,3790,,,,,,,,,,,,,,,,,,,,,,,,,,,
53393,64951,1495153393,NBCC-1,SP-NBCC-JUL-AUG,FUTSTK,NBCC,XX,1438439400,7/31/2025,JUL,-1,XX,0,FUTSTK,NBCC,XX,1440858600,8/28/2025,AUG,-1,XX,6500,6500,1,6500,6500,1,1,N,0,12881,-322,322,-322,322,,,,,,,,,,,,,,,,,,,,,,,,,,,
53394,64952,1495253394,NCC-1,SP-NCC-JUL-AUG,FUTSTK,NCC,XX,1438439400,7/31/2025,JUL,-1,XX,0,FUTSTK,NCC,XX,1440858600,8/28/2025,AUG,-1,XX,2700,2700,1,2700,2700,1,1,N,0,24048,-601,601,-601,601,,,,,,,,,,,,,,,,,,,,,,,,,,,
53395,64953,1495353395,NESTLEIND-1,SP-NESTLEIND-JUL-AUG,FUTSTK,NESTLEIND,XX,1438439400,7/31/2025,JUL,-1,XX,0,FUTSTK,NESTLEIND,XX,1440858600,8/28/2025,AUG,-1,XX,250,250,10,250,250,10,1,N,0,241600,-6040,6040,-6040,6040,,,,,,,,,,,,,,,,,,,,,,,,,,,
57068,53396,1339657068,NHPC-1,SP-NHPC-JUN-JUL,FUTSTK,NHPC,XX,1435415400,6/26/2025,JUN,-1,XX,0,FUTSTK,NHPC,XX,1438439400,7/31/2025,JUL,-1,XX,6400,6400,1,6400,6400,1,1,N,0,8979,-224,224,-224,224,,,,,,,,,,,,,,,,,,,,,,,,,,,
53396,64954,1495453396,NHPC-2,SP-NHPC-JUL-AUG,FUTSTK,NHPC,XX,1438439400,7/31/2025,JUL,-1,XX,0,FUTSTK,NHPC,XX,1440858600,8/28/2025,AUG,-1,XX,6400,6400,1,6400,6400,1,1,N,0,9034,-225,225,-225,225,,,,,,,,,,,,,,,,,,,,,,,,,,,
56785,64103,1410356785,NIFTY-1,SP-NIFTY-JUN-AUG,FUTIDX,NIFTY,XX,1435415400,6/26/2025,JUN,-1,XX,0,FUTIDX,NIFTY,XX,1440858600,8/28/2025,AUG,-1,XX,75,75,10,75,75,10,1,N,0,2509630,-50200,50200,-50200,50200,,,,,,,,,,,,,,,,,,,,,,,,,,,
56785,53216,1321656785,NIFTY-2,SP-NIFTY-JUN-JUL,FUTIDX,NIFTY,XX,1435415400,6/26/2025,JUN,-1,XX,0,FUTIDX,NIFTY,XX,1438439400,7/31/2025,JUL,-1,XX,75,75,10,75,75,10,1,N,0,2509630,-50200,50200,-50200,50200,,,,,,,,,,,,,,,,,,,,,,,,,,,
53216,64103,1410353216,NIFTY-3,SP-NIFTY-JUL-AUG,FUTIDX,NIFTY,XX,1438439400,7/31/2025,JUL,-1,XX,0,FUTIDX,NIFTY,XX,1440858600,8/28/2025,AUG,-1,XX,75,75,10,75,75,10,1,N,0,2522690,-50460,50460,-50460,50460,,,,,,,,,,,,,,,,,,,,,,,,,,,
56786,64104,1410456786,NIFTYNXT50-1,SP-NIFTYNXT50-JUN-AUG,FUTIDX,NIFTYNXT50,XX,1435415400,6/26/2025,JUN,-1,XX,0,FUTIDX,NIFTYNXT50,XX,1440858600,8/28/2025,AUG,-1,XX,25,25,20,25,25,20,1,N,0,6816560,-136340,136340,-136340,136340,,,,,,,,,,,,,,,,,,,,,,,,,,,
56786,53217,1321756786,NIFTYNXT50-2,SP-NIFTYNXT50-JUN-JUL,FUTIDX,NIFTYNXT50,XX,1435415400,6/26/2025,JUN,-1,XX,0,FUTIDX,NIFTYNXT50,XX,1438439400,7/31/2025,JUL,-1,XX,25,25,20,25,25,20,1,N,0,6816560,-136340,136340,-136340,136340,,,,,,,,,,,,,,,,,,,,,,,,,,,
53217,64104,1410453217,NIFTYNXT50-3,SP-NIFTYNXT50-JUL-AUG,FUTIDX,NIFTYNXT50,XX,1438439400,7/31/2025,JUL,-1,XX,0,FUTIDX,NIFTYNXT50,XX,1440858600,8/28/2025,AUG,-1,XX,25,25,20,25,25,20,1,N,0,6846260,-136940,136940,-136940,136940,,,,,,,,,,,,,,,,,,,,,,,,,,,
57069,53397,1339757069,NMDC-1,SP-NMDC-JUN-JUL,FUTSTK,NMDC,XX,1435415400,6/26/2025,JUN,-1,XX,0,FUTSTK,NMDC,XX,1438439400,7/31/2025,JUL,-1,XX,13500,13500,1,13500,13500,1,1,N,0,7285,-182,182,-182,182,,,,,,,,,,,,,,,,,,,,,,,,,,,
53397,64959,1495953397,NMDC-2,SP-NMDC-JUL-AUG,FUTSTK,NMDC,XX,1438439400,7/31/2025,JUL,-1,XX,0,FUTSTK,NMDC,XX,1440858600,8/28/2025,AUG,-1,XX,13500,13500,1,13500,13500,1,1,N,0,7315,-182,182,-182,182,,,,,,,,,,,,,,,,,,,,,,,,,,,
57070,53398,1339857070,NTPC-1,SP-NTPC-JUN-JUL,FUTSTK,NTPC,XX,1435415400,6/26/2025,JUN,-1,XX,0,FUTSTK,NTPC,XX,1438439400,7/31/2025,JUL,-1,XX,1500,1500,5,1500,1500,5,1,N,0,33470,-840,840,-840,840,,,,,,,,,,,,,,,,,,,,,,,,,,,
53398,64962,1496253398,NTPC-2,SP-NTPC-JUL-AUG,FUTSTK,NTPC,XX,1438439400,7/31/2025,JUL,-1,XX,0,FUTSTK,NTPC,XX,1440858600,8/28/2025,AUG,-1,XX,1500,1500,5,1500,1500,5,1,N,0,33675,-845,845,-845,845,,,,,,,,,,,,,,,,,,,,,,,,,,,
53399,64963,1496353399,NYKAA-1,SP-NYKAA-JUL-AUG,FUTSTK,NYKAA,XX,1438439400,7/31/2025,JUL,-1,XX,0,FUTSTK,NYKAA,XX,1440858600,8/28/2025,AUG,-1,XX,3125,3125,1,3125,3125,1,1,N,0,19761,-494,494,-494,494,,,,,,,,,,,,,,,,,,,,,,,,,,,
57072,53402,1340257072,OBEROIRLTY-1,SP-OBEROIRLTY-JUN-JUL,FUTSTK,OBEROIRLTY,XX,1435415400,6/26/2025,JUN,-1,XX,0,FUTSTK,OBEROIRLTY,XX,1438439400,7/31/2025,JUL,-1,XX,350,350,10,350,350,10,1,N,0,189090,-4730,4730,-4730,4730,,,,,,,,,,,,,,,,,,,,,,,,,,,
53402,64964,1496453402,OBEROIRLTY-2,SP-OBEROIRLTY-JUL-AUG,FUTSTK,OBEROIRLTY,XX,1438439400,7/31/2025,JUL,-1,XX,0,FUTSTK,OBEROIRLTY,XX,1440858600,8/28/2025,AUG,-1,XX,350,350,10,350,350,10,1,N,0,188420,-4710,4710,-4710,4710,,,,,,,,,,,,,,,,,,,,,,,,,,,
53403,64965,1496553403,OFSS-1,SP-OFSS-JUL-AUG,FUTSTK,OFSS,XX,1438439400,7/31/2025,JUL,-1,XX,0,FUTSTK,OFSS,XX,1440858600,8/28/2025,AUG,-1,XX,75,75,50,75,75,50,1,N,0,885000,-22150,22150,-22150,22150,,,,,,,,,,,,,,,,,,,,,,,,,,,
53404,64968,1496853404,OIL-1,SP-OIL-JUL-AUG,FUTSTK,OIL,XX,1438439400,7/31/2025,JUL,-1,XX,0,FUTSTK,OIL,XX,1440858600,8/28/2025,AUG,-1,XX,1400,1400,5,1400,1400,5,1,N,0,42825,-1070,1070,-1070,1070,,,,,,,,,,,,,,,,,,,,,,,,,,,
53405,64969,1496953405,ONGC-1,SP-ONGC-JUL-AUG,FUTSTK,ONGC,XX,1438439400,7/31/2025,JUL,-1,XX,0,FUTSTK,ONGC,XX,1440858600,8/28/2025,AUG,-1,XX,2250,2250,1,2250,2250,1,1,N,0,24262,-606,606,-606,606,,,,,,,,,,,,,,,,,,,,,,,,,,,
57077,53406,1340657077,PAGEIND-1,SP-PAGEIND-JUN-JUL,FUTSTK,PAGEIND,XX,1435415400,6/26/2025,JUN,-1,XX,0,FUTSTK,PAGEIND,XX,1438439400,7/31/2025,JUL,-1,XX,15,15,500,15,15,500,1,N,0,4635000,-116000,116000,-116000,116000,,,,,,,,,,,,,,,,,,,,,,,,,,,
53406,64970,1497053406,PAGEIND-2,SP-PAGEIND-JUL-AUG,FUTSTK,PAGEIND,XX,1438439400,7/31/2025,JUL,-1,XX,0,FUTSTK,PAGEIND,XX,1440858600,8/28/2025,AUG,-1,XX,15,15,500,15,15,500,1,N,0,4644500,-116500,116500,-116500,116500,,,,,,,,,,,,,,,,,,,,,,,,,,,
57079,53407,1340757079,PATANJALI-1,SP-PATANJALI-JUN-JUL,FUTSTK,PATANJALI,XX,1435415400,6/26/2025,JUN,-1,XX,0,FUTSTK,PATANJALI,XX,1438439400,7/31/2025,JUL,-1,XX,300,300,10,300,300,10,1,N,0,171610,-4290,4290,-4290,4290,,,,,,,,,,,,,,,,,,,,,,,,,,,
53407,64971,1497153407,PATANJALI-2,SP-PATANJALI-JUL-AUG,FUTSTK,PATANJALI,XX,1438439400,7/31/2025,JUL,-1,XX,0,FUTSTK,PATANJALI,XX,1440858600,8/28/2025,AUG,-1,XX,300,300,10,300,300,10,1,N,0,172590,-4320,4320,-4320,4320,,,,,,,,,,,,,,,,,,,,,,,,,,,
53408,64972,1497253408,PAYTM-1,SP-PAYTM-JUL-AUG,FUTSTK,PAYTM,XX,1438439400,7/31/2025,JUL,-1,XX,0,FUTSTK,PAYTM,XX,1440858600,8/28/2025,AUG,-1,XX,725,725,5,725,725,5,1,N,0,96870,-2425,2425,-2425,2425,,,,,,,,,,,,,,,,,,,,,,,,,,,
57081,53409,1340957081,PEL-1,SP-PEL-JUN-JUL,FUTSTK,PEL,XX,1435415400,6/26/2025,JUN,-1,XX,0,FUTSTK,PEL,XX,1438439400,7/31/2025,JUL,-1,XX,750,750,10,750,750,10,1,N,0,116900,-2930,2930,-2930,2930,,,,,,,,,,,,,,,,,,,,,,,,,,,
57082,53413,1341357082,PERSISTENT-1,SP-PERSISTENT-JUN-JUL,FUTSTK,PERSISTENT,XX,1435415400,6/26/2025,JUN,-1,XX,0,FUTSTK,PERSISTENT,XX,1438439400,7/31/2025,JUL,-1,XX,100,100,50,100,100,50,1,N,0,569750,-14250,14250,-14250,14250,,,,,,,,,,,,,,,,,,,,,,,,,,,
53413,64973,1497353413,PERSISTENT-2,SP-PERSISTENT-JUL-AUG,FUTSTK,PERSISTENT,XX,1438439400,7/31/2025,JUL,-1,XX,0,FUTSTK,PERSISTENT,XX,1440858600,8/28/2025,AUG,-1,XX,100,100,50,100,100,50,1,N,0,571350,-14300,14300,-14300,14300,,,,,,,,,,,,,,,,,,,,,,,,,,,
53414,64974,1497453414,PETRONET-1,SP-PETRONET-JUL-AUG,FUTSTK,PETRONET,XX,1438439400,7/31/2025,JUL,-1,XX,0,FUTSTK,PETRONET,XX,1440858600,8/28/2025,AUG,-1,XX,1800,1800,5,1800,1800,5,1,N,0,30775,-770,770,-770,770,,,,,,,,,,,,,,,,,,,,,,,,,,,
57084,53415,1341557084,PFC-1,SP-PFC-JUN-JUL,FUTSTK,PFC,XX,1435415400,6/26/2025,JUN,-1,XX,0,FUTSTK,PFC,XX,1438439400,7/31/2025,JUL,-1,XX,1300,1300,5,1300,1300,5,1,N,0,41865,-1050,1050,-1050,1050,,,,,,,,,,,,,,,,,,,,,,,,,,,
53415,64975,1497553415,PFC-2,SP-PFC-JUL-AUG,FUTSTK,PFC,XX,1438439400,7/31/2025,JUL,-1,XX,0,FUTSTK,PFC,XX,1440858600,8/28/2025,AUG,-1,XX,1300,1300,5,1300,1300,5,1,N,0,42080,-1055,1055,-1055,1055,,,,,,,,,,,,,,,,,,,,,,,,,,,
57085,53416,1341657085,PHOENIXLTD-1,SP-PHOENIXLTD-JUN-JUL,FUTSTK,PHOENIXLTD,XX,1435415400,6/26/2025,JUN,-1,XX,0,FUTSTK,PHOENIXLTD,XX,1438439400,7/31/2025,JUL,-1,XX,350,350,10,350,350,10,1,N,0,160890,-4030,4030,-4030,4030,,,,,,,,,,,,,,,,,,,,,,,,,,,
53416,64976,1497653416,PHOENIXLTD-2,SP-PHOENIXLTD-JUL-AUG,FUTSTK,PHOENIXLTD,XX,1438439400,7/31/2025,JUL,-1,XX,0,FUTSTK,PHOENIXLTD,XX,1440858600,8/28/2025,AUG,-1,XX,350,350,10,350,350,10,1,N,0,161800,-4050,4050,-4050,4050,,,,,,,,,,,,,,,,,,,,,,,,,,,
57086,53418,1341857086,PIDILITIND-1,SP-PIDILITIND-JUN-JUL,FUTSTK,PIDILITIND,XX,1435415400,6/26/2025,JUN,-1,XX,0,FUTSTK,PIDILITIND,XX,1438439400,7/31/2025,JUL,-1,XX,250,250,10,250,250,10,1,N,0,305690,-7650,7650,-7650,7650,,,,,,,,,,,,,,,,,,,,,,,,,,,
53418,64977,1497753418,PIDILITIND-2,SP-PIDILITIND-JUL-AUG,FUTSTK,PIDILITIND,XX,1438439400,7/31/2025,JUL,-1,XX,0,FUTSTK,PIDILITIND,XX,1440858600,8/28/2025,AUG,-1,XX,250,250,10,250,250,10,1,N,0,306190,-7660,7660,-7660,7660,,,,,,,,,,,,,,,,,,,,,,,,,,,
53419,64978,1497853419,PIIND-1,SP-PIIND-JUL-AUG,FUTSTK,PIIND,XX,1438439400,7/31/2025,JUL,-1,XX,0,FUTSTK,PIIND,XX,1440858600,8/28/2025,AUG,-1,XX,175,175,10,175,175,10,1,N,0,392700,-9820,9820,-9820,9820,,,,,,,,,,,,,,,,,,,,,,,,,,,
57088,53420,1342057088,PNB-1,SP-PNB-JUN-JUL,FUTSTK,PNB,XX,1435415400,6/26/2025,JUN,-1,XX,0,FUTSTK,PNB,XX,1438439400,7/31/2025,JUL,-1,XX,8000,8000,1,8000,8000,1,1,N,0,11082,-277,277,-277,277,,,,,,,,,,,,,,,,,,,,,,,,,,,
53420,64979,1497953420,PNB-2,SP-PNB-JUL-AUG,FUTSTK,PNB,XX,1438439400,7/31/2025,JUL,-1,XX,0,FUTSTK,PNB,XX,1440858600,8/28/2025,AUG,-1,XX,8000,8000,1,8000,8000,1,1,N,0,11147,-278,278,-278,278,,,,,,,,,,,,,,,,,,,,,,,,,,,
57091,53421,1342157091,PNBHOUSING-1,SP-PNBHOUSING-JUN-JUL,FUTSTK,PNBHOUSING,XX,1435415400,6/26/2025,JUN,-1,XX,0,FUTSTK,PNBHOUSING,XX,1438439400,7/31/2025,JUL,-1,XX,650,650,10,650,650,10,1,N,0,111080,-2780,2780,-2780,2780,,,,,,,,,,,,,,,,,,,,,,,,,,,
53421,64981,1498153421,PNBHOUSING-2,SP-PNBHOUSING-JUL-AUG,FUTSTK,PNBHOUSING,XX,1438439400,7/31/2025,JUL,-1,XX,0,FUTSTK,PNBHOUSING,XX,1440858600,8/28/2025,AUG,-1,XX,650,650,10,650,650,10,1,N,0,111500,-2790,2790,-2790,2790,,,,,,,,,,,,,,,,,,,,,,,,,,,
53422,64982,1498253422,POLICYBZR-1,SP-POLICYBZR-JUL-AUG,FUTSTK,POLICYBZR,XX,1438439400,7/31/2025,JUL,-1,XX,0,FUTSTK,POLICYBZR,XX,1440858600,8/28/2025,AUG,-1,XX,350,350,10,350,350,10,1,N,0,192890,-4830,4830,-4830,4830,,,,,,,,,,,,,,,,,,,,,,,,,,,
57093,53423,1342357093,POLYCAB-1,SP-POLYCAB-JUN-JUL,FUTSTK,POLYCAB,XX,1435415400,6/26/2025,JUN,-1,XX,0,FUTSTK,POLYCAB,XX,1438439400,7/31/2025,JUL,-1,XX,125,125,50,125,125,50,1,N,0,610900,-15300,15300,-15300,15300,,,,,,,,,,,,,,,,,,,,,,,,,,,
53423,64984,1498453423,POLYCAB-2,SP-POLYCAB-JUL-AUG,FUTSTK,POLYCAB,XX,1438439400,7/31/2025,JUL,-1,XX,0,FUTSTK,POLYCAB,XX,1440858600,8/28/2025,AUG,-1,XX,125,125,50,125,125,50,1,N,0,612400,-15350,15350,-15350,15350,,,,,,,,,,,,,,,,,,,,,,,,,,,
53424,64985,1498553424,POONAWALLA-1,SP-POONAWALLA-JUL-AUG,FUTSTK,POONAWALLA,XX,1438439400,7/31/2025,JUL,-1,XX,0,FUTSTK,POONAWALLA,XX,1440858600,8/28/2025,AUG,-1,XX,1700,1700,5,1700,1700,5,1,N,0,42350,-1060,1060,-1060,1060,,,,,,,,,,,,,,,,,,,,,,,,,,,
53425,64986,1498653425,POWERGRID-1,SP-POWERGRID-JUL-AUG,FUTSTK,POWERGRID,XX,1438439400,7/31/2025,JUL,-1,XX,0,FUTSTK,POWERGRID,XX,1440858600,8/28/2025,AUG,-1,XX,1900,1900,5,1900,1900,5,1,N,0,29890,-750,750,-750,750,,,,,,,,,,,,,,,,,,,,,,,,,,,
64987,64988,1498864987,PPLPHARMA-1,SP-PPLPHARMA-JUN-JUL,FUTSTK,PPLPHARMA,XX,1435415400,6/26/2025,JUN,-1,XX,0,FUTSTK,PPLPHARMA,XX,1438439400,7/31/2025,JUL,-1,XX,2500,2500,1,2500,2500,1,1,N,0,20733,-518,518,-518,518,,,,,,,,,,,,,,,,,,,,,,,,,,,
64988,64989,1498964988,PPLPHARMA-2,SP-PPLPHARMA-JUL-AUG,FUTSTK,PPLPHARMA,XX,1438439400,7/31/2025,JUL,-1,XX,0,FUTSTK,PPLPHARMA,XX,1440858600,8/28/2025,AUG,-1,XX,2500,2500,1,2500,2500,1,1,N,0,20820,-520,520,-520,520,,,,,,,,,,,,,,,,,,,,,,,,,,,
53426,64990,1499053426,PRESTIGE-1,SP-PRESTIGE-JUL-AUG,FUTSTK,PRESTIGE,XX,1438439400,7/31/2025,JUL,-1,XX,0,FUTSTK,PRESTIGE,XX,1440858600,8/28/2025,AUG,-1,XX,450,450,10,450,450,10,1,N,0,172010,-4300,4300,-4300,4300,,,,,,,,,,,,,,,,,,,,,,,,,,,
53427,64991,1499153427,RBLBANK-1,SP-RBLBANK-JUL-AUG,FUTSTK,RBLBANK,XX,1438439400,7/31/2025,JUL,-1,XX,0,FUTSTK,RBLBANK,XX,1440858600,8/28/2025,AUG,-1,XX,3175,3175,1,3175,3175,1,1,N,0,21977,-549,549,-549,549,,,,,,,,,,,,,,,,,,,,,,,,,,,
53428,64994,1499453428,RECLTD-1,SP-RECLTD-JUL-AUG,FUTSTK,RECLTD,XX,1438439400,7/31/2025,JUL,-1,XX,0,FUTSTK,RECLTD,XX,1440858600,8/28/2025,AUG,-1,XX,1275,1275,5,1275,1275,5,1,N,0,41765,-1045,1045,-1045,1045,,,,,,,,,,,,,,,,,,,,,,,,,,,
57105,53429,1342957105,RELIANCE-1,SP-RELIANCE-JUN-JUL,FUTSTK,RELIANCE,XX,1435415400,6/26/2025,JUN,-1,XX,0,FUTSTK,RELIANCE,XX,1438439400,7/31/2025,JUL,-1,XX,500,500,10,500,500,10,1,N,0,144710,-3620,3620,-3620,3620,,,,,,,,,,,,,,,,,,,,,,,,,,,
53429,64995,1499553429,RELIANCE-2,SP-RELIANCE-JUL-AUG,FUTSTK,RELIANCE,XX,1438439400,7/31/2025,JUL,-1,XX,0,FUTSTK,RELIANCE,XX,1440858600,8/28/2025,AUG,-1,XX,500,500,10,500,500,10,1,N,0,145650,-3650,3650,-3650,3650,,,,,,,,,,,,,,,,,,,,,,,,,,,
64996,64997,1499764996,RVNL-1,SP-RVNL-JUN-JUL,FUTSTK,RVNL,XX,1435415400,6/26/2025,JUN,-1,XX,0,FUTSTK,RVNL,XX,1438439400,7/31/2025,JUL,-1,XX,1375,1375,5,1375,1375,5,1,N,0,43085,-1080,1080,-1080,1080,,,,,,,,,,,,,,,,,,,,,,,,,,,
64997,64998,1499864997,RVNL-2,SP-RVNL-JUL-AUG,FUTSTK,RVNL,XX,1438439400,7/31/2025,JUL,-1,XX,0,FUTSTK,RVNL,XX,1440858600,8/28/2025,AUG,-1,XX,1375,1375,5,1375,1375,5,1,N,0,43290,-1085,1085,-1085,1085,,,,,,,,,,,,,,,,,,,,,,,,,,,
53430,64999,1499953430,SAIL-1,SP-SAIL-JUL-AUG,FUTSTK,SAIL,XX,1438439400,7/31/2025,JUL,-1,XX,0,FUTSTK,SAIL,XX,1440858600,8/28/2025,AUG,-1,XX,4700,4700,1,4700,4700,1,1,N,0,13633,-340,340,-340,340,,,,,,,,,,,,,,,,,,,,,,,,,,,
57111,53431,1343157111,SBICARD-1,SP-SBICARD-JUN-JUL,FUTSTK,SBICARD,XX,1435415400,6/26/2025,JUN,-1,XX,0,FUTSTK,SBICARD,XX,1438439400,7/31/2025,JUL,-1,XX,800,800,5,800,800,5,1,N,0,99585,-2490,2490,-2490,2490,,,,,,,,,,,,,,,,,,,,,,,,,,,
53431,65034,1503453431,SBICARD-2,SP-SBICARD-JUL-AUG,FUTSTK,SBICARD,XX,1438439400,7/31/2025,JUL,-1,XX,0,FUTSTK,SBICARD,XX,1440858600,8/28/2025,AUG,-1,XX,800,800,5,800,800,5,1,N,0,99875,-2500,2500,-2500,2500,,,,,,,,,,,,,,,,,,,,,,,,,,,
57112,53432,1343257112,SBILIFE-1,SP-SBILIFE-JUN-JUL,FUTSTK,SBILIFE,XX,1435415400,6/26/2025,JUN,-1,XX,0,FUTSTK,SBILIFE,XX,1438439400,7/31/2025,JUL,-1,XX,375,375,10,375,375,10,1,N,0,179010,-4480,4480,-4480,4480,,,,,,,,,,,,,,,,,,,,,,,,,,,
53432,65035,1503553432,SBILIFE-2,SP-SBILIFE-JUL-AUG,FUTSTK,SBILIFE,XX,1438439400,7/31/2025,JUL,-1,XX,0,FUTSTK,SBILIFE,XX,1440858600,8/28/2025,AUG,-1,XX,375,375,10,375,375,10,1,N,0,180160,-4510,4510,-4510,4510,,,,,,,,,,,,,,,,,,,,,,,,,,,
57113,53433,1343357113,SBIN-1,SP-SBIN-JUN-JUL,FUTSTK,SBIN,XX,1435415400,6/26/2025,JUN,-1,XX,0,FUTSTK,SBIN,XX,1438439400,7/31/2025,JUL,-1,XX,750,750,5,750,750,5,1,N,0,81750,-2045,2045,-2045,2045,,,,,,,,,,,,,,,,,,,,,,,,,,,
53433,65036,1503653433,SBIN-2,SP-SBIN-JUL-AUG,FUTSTK,SBIN,XX,1438439400,7/31/2025,JUL,-1,XX,0,FUTSTK,SBIN,XX,1440858600,8/28/2025,AUG,-1,XX,750,750,5,750,750,5,1,N,0,82275,-2060,2060,-2060,2060,,,,,,,,,,,,,,,,,,,,,,,,,,,
57114,53434,1343457114,SHREECEM-1,SP-SHREECEM-JUN-JUL,FUTSTK,SHREECEM,XX,1435415400,6/26/2025,JUN,-1,XX,0,FUTSTK,SHREECEM,XX,1438439400,7/31/2025,JUL,-1,XX,25,25,500,25,25,500,1,N,0,2959500,-74000,74000,-74000,74000,,,,,,,,,,,,,,,,,,,,,,,,,,,
53434,65037,1503753434,SHREECEM-2,SP-SHREECEM-JUL-AUG,FUTSTK,SHREECEM,XX,1438439400,7/31/2025,JUL,-1,XX,0,FUTSTK,SHREECEM,XX,1440858600,8/28/2025,AUG,-1,XX,25,25,500,25,25,500,1,N,0,2948500,-74000,74000,-74000,74000,,,,,,,,,,,,,,,,,,,,,,,,,,,
53435,65124,1512453435,SHRIRAMFIN-1,SP-SHRIRAMFIN-JUL-AUG,FUTSTK,SHRIRAMFIN,XX,1438439400,7/31/2025,JUL,-1,XX,0,FUTSTK,SHRIRAMFIN,XX,1440858600,8/28/2025,AUG,-1,XX,825,825,5,825,825,5,1,N,0,69095,-1730,1730,-1730,1730,,,,,,,,,,,,,,,,,,,,,,,,,,,
53436,65125,1512553436,SIEMENS-1,SP-SIEMENS-JUL-AUG,FUTSTK,SIEMENS,XX,1438439400,7/31/2025,JUL,-1,XX,0,FUTSTK,SIEMENS,XX,1440858600,8/28/2025,AUG,-1,XX,125,125,10,125,125,10,1,N,0,332680,-8320,8320,-8320,8320,,,,,,,,,,,,,,,,,,,,,,,,,,,
53437,65176,1517653437,SJVN-1,SP-SJVN-JUL-AUG,FUTSTK,SJVN,XX,1438439400,7/31/2025,JUL,-1,XX,0,FUTSTK,SJVN,XX,1440858600,8/28/2025,AUG,-1,XX,5875,5875,1,5875,5875,1,1,N,0,10366,-259,259,-259,259,,,,,,,,,,,,,,,,,,,,,,,,,,,
57122,53438,1343857122,SOLARINDS-1,SP-SOLARINDS-JUN-JUL,FUTSTK,SOLARINDS,XX,1435415400,6/26/2025,JUN,-1,XX,0,FUTSTK,SOLARINDS,XX,1438439400,7/31/2025,JUL,-1,XX,75,75,100,75,75,100,1,N,0,1662000,-41600,41600,-41600,41600,,,,,,,,,,,,,,,,,,,,,,,,,,,
53438,65177,1517753438,SOLARINDS-2,SP-SOLARINDS-JUL-AUG,FUTSTK,SOLARINDS,XX,1438439400,7/31/2025,JUL,-1,XX,0,FUTSTK,SOLARINDS,XX,1440858600,8/28/2025,AUG,-1,XX,75,75,100,75,75,100,1,N,0,1668900,-41800,41800,-41800,41800,,,,,,,,,,,,,,,,,,,,,,,,,,,
53439,65196,1519653439,SONACOMS-1,SP-SONACOMS-JUL-AUG,FUTSTK,SONACOMS,XX,1438439400,7/31/2025,JUL,-1,XX,0,FUTSTK,SONACOMS,XX,1440858600,8/28/2025,AUG,-1,XX,1050,1050,5,1050,1050,5,1,N,0,50675,-1270,1270,-1270,1270,,,,,,,,,,,,,,,,,,,,,,,,,,,
53440,65197,1519753440,SRF-1,SP-SRF-JUL-AUG,FUTSTK,SRF,XX,1438439400,7/31/2025,JUL,-1,XX,0,FUTSTK,SRF,XX,1440858600,8/28/2025,AUG,-1,XX,200,200,10,200,200,10,1,N,0,314750,-7870,7870,-7870,7870,,,,,,,,,,,,,,,,,,,,,,,,,,,
57129,53441,1344157129,SUNPHARMA-1,SP-SUNPHARMA-JUN-JUL,FUTSTK,SUNPHARMA,XX,1435415400,6/26/2025,JUN,-1,XX,0,FUTSTK,SUNPHARMA,XX,1438439400,7/31/2025,JUL,-1,XX,350,350,10,350,350,10,1,N,0,168780,-4220,4220,-4220,4220,,,,,,,,,,,,,,,,,,,,,,,,,,,
53441,65198,1519853441,SUNPHARMA-2,SP-SUNPHARMA-JUL-AUG,FUTSTK,SUNPHARMA,XX,1438439400,7/31/2025,JUL,-1,XX,0,FUTSTK,SUNPHARMA,XX,1440858600,8/28/2025,AUG,-1,XX,350,350,10,350,350,10,1,N,0,169350,-4240,4240,-4240,4240,,,,,,,,,,,,,,,,,,,,,,,,,,,
53442,65203,1520353442,SUPREMEIND-1,SP-SUPREMEIND-JUL-AUG,FUTSTK,SUPREMEIND,XX,1438439400,7/31/2025,JUL,-1,XX,0,FUTSTK,SUPREMEIND,XX,1440858600,8/28/2025,AUG,-1,XX,175,175,10,175,175,10,1,N,0,435420,-10890,10890,-10890,10890,,,,,,,,,,,,,,,,,,,,,,,,,,,
57201,53443,1344357201,SYNGENE-1,SP-SYNGENE-JUN-JUL,FUTSTK,SYNGENE,XX,1435415400,6/26/2025,JUN,-1,XX,0,FUTSTK,SYNGENE,XX,1438439400,7/31/2025,JUL,-1,XX,1000,1000,5,1000,1000,5,1,N,0,64920,-1625,1625,-1625,1625,,,,,,,,,,,,,,,,,,,,,,,,,,,
53443,65206,1520653443,SYNGENE-2,SP-SYNGENE-JUL-AUG,FUTSTK,SYNGENE,XX,1438439400,7/31/2025,JUL,-1,XX,0,FUTSTK,SYNGENE,XX,1440858600,8/28/2025,AUG,-1,XX,1000,1000,5,1000,1000,5,1,N,0,65240,-1635,1635,-1635,1635,,,,,,,,,,,,,,,,,,,,,,,,,,,
53448,65207,1520753448,TATACHEM-1,SP-TATACHEM-JUL-AUG,FUTSTK,TATACHEM,XX,1438439400,7/31/2025,JUL,-1,XX,0,FUTSTK,TATACHEM,XX,1440858600,8/28/2025,AUG,-1,XX,650,650,5,650,650,5,1,N,0,93480,-2340,2340,-2340,2340,,,,,,,,,,,,,,,,,,,,,,,,,,,
53450,65208,1520853450,TATACONSUM-1,SP-TATACONSUM-JUL-AUG,FUTSTK,TATACONSUM,XX,1438439400,7/31/2025,JUL,-1,XX,0,FUTSTK,TATACONSUM,XX,1440858600,8/28/2025,AUG,-1,XX,550,550,10,550,550,10,1,N,0,112850,-2830,2830,-2830,2830,,,,,,,,,,,,,,,,,,,,,,,,,,,
57225,53451,1345157225,TATAELXSI-1,SP-TATAELXSI-JUN-JUL,FUTSTK,TATAELXSI,XX,1435415400,6/26/2025,JUN,-1,XX,0,FUTSTK,TATAELXSI,XX,1438439400,7/31/2025,JUL,-1,XX,100,100,50,100,100,50,1,N,0,638450,-16000,16000,-16000,16000,,,,,,,,,,,,,,,,,,,,,,,,,,,
53451,65212,1521253451,TATAELXSI-2,SP-TATAELXSI-JUL-AUG,FUTSTK,TATAELXSI,XX,1438439400,7/31/2025,JUL,-1,XX,0,FUTSTK,TATAELXSI,XX,1440858600,8/28/2025,AUG,-1,XX,100,100,50,100,100,50,1,N,0,637850,-15950,15950,-15950,15950,,,,,,,,,,,,,,,,,,,,,,,,,,,
53452,65213,1521353452,TATAMOTORS-1,SP-TATAMOTORS-JUL-AUG,FUTSTK,TATAMOTORS,XX,1438439400,7/31/2025,JUL,-1,XX,0,FUTSTK,TATAMOTORS,XX,1440858600,8/28/2025,AUG,-1,XX,800,800,5,800,800,5,1,N,0,71940,-1800,1800,-1800,1800,,,,,,,,,,,,,,,,,,,,,,,,,,,
53453,65217,1521753453,TATAPOWER-1,SP-TATAPOWER-JUL-AUG,FUTSTK,TATAPOWER,XX,1438439400,7/31/2025,JUL,-1,XX,0,FUTSTK,TATAPOWER,XX,1440858600,8/28/2025,AUG,-1,XX,1450,1450,5,1450,1450,5,1,N,0,40185,-1005,1005,-1005,1005,,,,,,,,,,,,,,,,,,,,,,,,,,,
57248,53454,1345457248,TATASTEEL-1,SP-TATASTEEL-JUN-JUL,FUTSTK,TATASTEEL,XX,1435415400,6/26/2025,JUN,-1,XX,0,FUTSTK,TATASTEEL,XX,1438439400,7/31/2025,JUL,-1,XX,5500,5500,1,5500,5500,1,1,N,0,15804,-395,395,-395,395,,,,,,,,,,,,,,,,,,,,,,,,,,,
53454,65218,1521853454,TATASTEEL-2,SP-TATASTEEL-JUL-AUG,FUTSTK,TATASTEEL,XX,1438439400,7/31/2025,JUL,-1,XX,0,FUTSTK,TATASTEEL,XX,1440858600,8/28/2025,AUG,-1,XX,5500,5500,1,5500,5500,1,1,N,0,15900,-397,397,-397,397,,,,,,,,,,,,,,,,,,,,,,,,,,,
53455,65221,1522153455,TATATECH-1,SP-TATATECH-JUL-AUG,FUTSTK,TATATECH,XX,1438439400,7/31/2025,JUL,-1,XX,0,FUTSTK,TATATECH,XX,1440858600,8/28/2025,AUG,-1,XX,800,800,5,800,800,5,1,N,0,75525,-1890,1890,-1890,1890,,,,,,,,,,,,,,,,,,,,,,,,,,,
57250,53460,1346057250,TCS-1,SP-TCS-JUN-JUL,FUTSTK,TCS,XX,1435415400,6/26/2025,JUN,-1,XX,0,FUTSTK,TCS,XX,1438439400,7/31/2025,JUL,-1,XX,175,175,10,175,175,10,1,N,0,340090,-8510,8510,-8510,8510,,,,,,,,,,,,,,,,,,,,,,,,,,,
53460,65222,1522253460,TCS-2,SP-TCS-JUL-AUG,FUTSTK,TCS,XX,1438439400,7/31/2025,JUL,-1,XX,0,FUTSTK,TCS,XX,1440858600,8/28/2025,AUG,-1,XX,175,175,10,175,175,10,1,N,0,341280,-8540,8540,-8540,8540,,,,,,,,,,,,,,,,,,,,,,,,,,,
57251,53461,1346157251,TECHM-1,SP-TECHM-JUN-JUL,FUTSTK,TECHM,XX,1435415400,6/26/2025,JUN,-1,XX,0,FUTSTK,TECHM,XX,1438439400,7/31/2025,JUL,-1,XX,600,600,10,600,600,10,1,N,0,157920,-3950,3950,-3950,3950,,,,,,,,,,,,,,,,,,,,,,,,,,,
53461,65223,1522353461,TECHM-2,SP-TECHM-JUL-AUG,FUTSTK,TECHM,XX,1438439400,7/31/2025,JUL,-1,XX,0,FUTSTK,TECHM,XX,1440858600,8/28/2025,AUG,-1,XX,600,600,10,600,600,10,1,N,0,158870,-3980,3980,-3980,3980,,,,,,,,,,,,,,,,,,,,,,,,,,,
53464,65224,1522453464,TIINDIA-1,SP-TIINDIA-JUL-AUG,FUTSTK,TIINDIA,XX,1438439400,7/31/2025,JUL,-1,XX,0,FUTSTK,TIINDIA,XX,1440858600,8/28/2025,AUG,-1,XX,200,200,10,200,200,10,1,N,0,310280,-7760,7760,-7760,7760,,,,,,,,,,,,,,,,,,,,,,,,,,,
53465,65225,1522553465,TITAGARH-1,SP-TITAGARH-JUL-AUG,FUTSTK,TITAGARH,XX,1438439400,7/31/2025,JUL,-1,XX,0,FUTSTK,TITAGARH,XX,1440858600,8/28/2025,AUG,-1,XX,725,725,5,725,725,5,1,N,0,94155,-2355,2355,-2355,2355,,,,,,,,,,,,,,,,,,,,,,,,,,,
57254,53466,1346657254,TITAN-1,SP-TITAN-JUN-JUL,FUTSTK,TITAN,XX,1435415400,6/26/2025,JUN,-1,XX,0,FUTSTK,TITAN,XX,1438439400,7/31/2025,JUL,-1,XX,175,175,10,175,175,10,1,N,0,356710,-8920,8920,-8920,8920,,,,,,,,,,,,,,,,,,,,,,,,,,,
53466,65226,1522653466,TITAN-2,SP-TITAN-JUL-AUG,FUTSTK,TITAN,XX,1438439400,7/31/2025,JUL,-1,XX,0,FUTSTK,TITAN,XX,1440858600,8/28/2025,AUG,-1,XX,175,175,10,175,175,10,1,N,0,358200,-8960,8960,-8960,8960,,,,,,,,,,,,,,,,,,,,,,,,,,,
57255,53467,1346757255,TORNTPHARM-1,SP-TORNTPHARM-JUN-JUL,FUTSTK,TORNTPHARM,XX,1435415400,6/26/2025,JUN,-1,XX,0,FUTSTK,TORNTPHARM,XX,1438439400,7/31/2025,JUL,-1,XX,250,250,10,250,250,10,1,N,0,315580,-7890,7890,-7890,7890,,,,,,,,,,,,,,,,,,,,,,,,,,,
53467,65227,1522753467,TORNTPHARM-2,SP-TORNTPHARM-JUL-AUG,FUTSTK,TORNTPHARM,XX,1438439400,7/31/2025,JUL,-1,XX,0,FUTSTK,TORNTPHARM,XX,1440858600,8/28/2025,AUG,-1,XX,250,250,10,250,250,10,1,N,0,317750,-7950,7950,-7950,7950,,,,,,,,,,,,,,,,,,,,,,,,,,,
57256,53468,1346857256,TORNTPOWER-1,SP-TORNTPOWER-JUN-JUL,FUTSTK,TORNTPOWER,XX,1435415400,6/26/2025,JUN,-1,XX,0,FUTSTK,TORNTPOWER,XX,1438439400,7/31/2025,JUL,-1,XX,375,375,10,375,375,10,1,N,0,141550,-3540,3540,-3540,3540,,,,,,,,,,,,,,,,,,,,,,,,,,,
53468,65228,1522853468,TORNTPOWER-2,SP-TORNTPOWER-JUL-AUG,FUTSTK,TORNTPOWER,XX,1438439400,7/31/2025,JUL,-1,XX,0,FUTSTK,TORNTPOWER,XX,1440858600,8/28/2025,AUG,-1,XX,375,375,10,375,375,10,1,N,0,142260,-3560,3560,-3560,3560,,,,,,,,,,,,,,,,,,,,,,,,,,,
57257,53469,1346957257,TRENT-1,SP-TRENT-JUN-JUL,FUTSTK,TRENT,XX,1435415400,6/26/2025,JUN,-1,XX,0,FUTSTK,TRENT,XX,1438439400,7/31/2025,JUL,-1,XX,100,100,50,100,100,50,1,N,0,578500,-14500,14500,-14500,14500,,,,,,,,,,,,,,,,,,,,,,,,,,,
53469,65231,1523153469,TRENT-2,SP-TRENT-JUL-AUG,FUTSTK,TRENT,XX,1438439400,7/31/2025,JUL,-1,XX,0,FUTSTK,TRENT,XX,1440858600,8/28/2025,AUG,-1,XX,100,100,50,100,100,50,1,N,0,582200,-14600,14600,-14600,14600,,,,,,,,,,,,,,,,,,,,,,,,,,,
57258,53470,1347057258,TVSMOTOR-1,SP-TVSMOTOR-JUN-JUL,FUTSTK,TVSMOTOR,XX,1435415400,6/26/2025,JUN,-1,XX,0,FUTSTK,TVSMOTOR,XX,1438439400,7/31/2025,JUL,-1,XX,350,350,10,350,350,10,1,N,0,275920,-6900,6900,-6900,6900,,,,,,,,,,,,,,,,,,,,,,,,,,,
53470,65232,1523253470,TVSMOTOR-2,SP-TVSMOTOR-JUL-AUG,FUTSTK,TVSMOTOR,XX,1438439400,7/31/2025,JUL,-1,XX,0,FUTSTK,TVSMOTOR,XX,1440858600,8/28/2025,AUG,-1,XX,350,350,10,350,350,10,1,N,0,277300,-6940,6940,-6940,6940,,,,,,,,,,,,,,,,,,,,,,,,,,,
57261,53471,1347157261,ULTRACEMCO-1,SP-ULTRACEMCO-JUN-JUL,FUTSTK,ULTRACEMCO,XX,1435415400,6/26/2025,JUN,-1,XX,0,FUTSTK,ULTRACEMCO,XX,1438439400,7/31/2025,JUL,-1,XX,50,50,100,50,50,100,1,N,0,1128600,-28300,28300,-28300,28300,,,,,,,,,,,,,,,,,,,,,,,,,,,
53471,65233,1523353471,ULTRACEMCO-2,SP-ULTRACEMCO-JUL-AUG,FUTSTK,ULTRACEMCO,XX,1438439400,7/31/2025,JUL,-1,XX,0,FUTSTK,ULTRACEMCO,XX,1440858600,8/28/2025,AUG,-1,XX,50,50,100,50,50,100,1,N,0,1129800,-28300,28300,-28300,28300,,,,,,,,,,,,,,,,,,,,,,,,,,,
57262,53472,1347257262,UNIONBANK-1,SP-UNIONBANK-JUN-JUL,FUTSTK,UNIONBANK,XX,1435415400,6/26/2025,JUN,-1,XX,0,FUTSTK,UNIONBANK,XX,1438439400,7/31/2025,JUL,-1,XX,4425,4425,1,4425,4425,1,1,N,0,15389,-384,384,-384,384,,,,,,,,,,,,,,,,,,,,,,,,,,,
53472,65234,1523453472,UNIONBANK-2,SP-UNIONBANK-JUL-AUG,FUTSTK,UNIONBANK,XX,1438439400,7/31/2025,JUL,-1,XX,0,FUTSTK,UNIONBANK,XX,1440858600,8/28/2025,AUG,-1,XX,4425,4425,1,4425,4425,1,1,N,0,15480,-387,387,-387,387,,,,,,,,,,,,,,,,,,,,,,,,,,,
53473,65235,1523553473,UNITDSPR-1,SP-UNITDSPR-JUL-AUG,FUTSTK,UNITDSPR,XX,1438439400,7/31/2025,JUL,-1,XX,0,FUTSTK,UNITDSPR,XX,1440858600,8/28/2025,AUG,-1,XX,400,400,10,400,400,10,1,N,0,161110,-4030,4030,-4030,4030,,,,,,,,,,,,,,,,,,,,,,,,,,,
65236,65239,1523965236,UNOMINDA-1,SP-UNOMINDA-JUN-JUL,FUTSTK,UNOMINDA,XX,1435415400,6/26/2025,JUN,-1,XX,0,FUTSTK,UNOMINDA,XX,1438439400,7/31/2025,JUL,-1,XX,550,550,10,550,550,10,1,N,0,109680,-2750,2750,-2750,2750,,,,,,,,,,,,,,,,,,,,,,,,,,,
65239,65242,1524265239,UNOMINDA-2,SP-UNOMINDA-JUL-AUG,FUTSTK,UNOMINDA,XX,1438439400,7/31/2025,JUL,-1,XX,0,FUTSTK,UNOMINDA,XX,1440858600,8/28/2025,AUG,-1,XX,550,550,10,550,550,10,1,N,0,109860,-2750,2750,-2750,2750,,,,,,,,,,,,,,,,,,,,,,,,,,,
57264,53474,1347457264,UPL-1,SP-UPL-JUN-JUL,FUTSTK,UPL,XX,1435415400,6/26/2025,JUN,-1,XX,0,FUTSTK,UPL,XX,1438439400,7/31/2025,JUL,-1,XX,1355,1355,5,1355,1355,5,1,N,0,64590,-1615,1615,-1615,1615,,,,,,,,,,,,,,,,,,,,,,,,,,,
53474,65243,1524353474,UPL-2,SP-UPL-JUL-AUG,FUTSTK,UPL,XX,1438439400,7/31/2025,JUL,-1,XX,0,FUTSTK,UPL,XX,1440858600,8/28/2025,AUG,-1,XX,1355,1355,5,1355,1355,5,1,N,0,64605,-1615,1615,-1615,1615,,,,,,,,,,,,,,,,,,,,,,,,,,,
53475,65244,1524453475,VBL-1,SP-VBL-JUL-AUG,FUTSTK,VBL,XX,1438439400,7/31/2025,JUL,-1,XX,0,FUTSTK,VBL,XX,1440858600,8/28/2025,AUG,-1,XX,1025,1025,5,1025,1025,5,1,N,0,48245,-1210,1210,-1210,1210,,,,,,,,,,,,,,,,,,,,,,,,,,,
57274,53478,1347857274,VEDL-1,SP-VEDL-JUN-JUL,FUTSTK,VEDL,XX,1435415400,6/26/2025,JUN,-1,XX,0,FUTSTK,VEDL,XX,1438439400,7/31/2025,JUL,-1,XX,1150,1150,5,1150,1150,5,1,N,0,44935,-1125,1125,-1125,1125,,,,,,,,,,,,,,,,,,,,,,,,,,,
53478,65245,1524553478,VEDL-2,SP-VEDL-JUL-AUG,FUTSTK,VEDL,XX,1438439400,7/31/2025,JUL,-1,XX,0,FUTSTK,VEDL,XX,1440858600,8/28/2025,AUG,-1,XX,1150,1150,5,1150,1150,5,1,N,0,45165,-1130,1130,-1130,1130,,,,,,,,,,,,,,,,,,,,,,,,,,,
53479,65248,1524853479,VOLTAS-1,SP-VOLTAS-JUL-AUG,FUTSTK,VOLTAS,XX,1438439400,7/31/2025,JUL,-1,XX,0,FUTSTK,VOLTAS,XX,1440858600,8/28/2025,AUG,-1,XX,375,375,10,375,375,10,1,N,0,127590,-3190,3190,-3190,3190,,,,,,,,,,,,,,,,,,,,,,,,,,,
57276,53480,1348057276,WIPRO-1,SP-WIPRO-JUN-JUL,FUTSTK,WIPRO,XX,1435415400,6/26/2025,JUN,-1,XX,0,FUTSTK,WIPRO,XX,1438439400,7/31/2025,JUL,-1,XX,3000,3000,1,3000,3000,1,1,N,0,24982,-624,624,-624,624,,,,,,,,,,,,,,,,,,,,,,,,,,,
53480,65249,1524953480,WIPRO-2,SP-WIPRO-JUL-AUG,FUTSTK,WIPRO,XX,1438439400,7/31/2025,JUL,-1,XX,0,FUTSTK,WIPRO,XX,1440858600,8/28/2025,AUG,-1,XX,3000,3000,1,3000,3000,1,1,N,0,25084,-627,627,-627,627,,,,,,,,,,,,,,,,,,,,,,,,,,,
53481,65250,1525053481,YESBANK-1,SP-YESBANK-JUL-AUG,FUTSTK,YESBANK,XX,1438439400,7/31/2025,JUL,-1,XX,0,FUTSTK,YESBANK,XX,1440858600,8/28/2025,AUG,-1,XX,31100,31100,1,31100,31100,1,1,N,0,2111,-52,52,-52,52,,,,,,,,,,,,,,,,,,,,,,,,,,,
57283,53484,1348457283,ZYDUSLIFE-1,SP-ZYDUSLIFE-JUN-JUL,FUTSTK,ZYDUSLIFE,XX,1435415400,6/26/2025,JUN,-1,XX,0,FUTSTK,ZYDUSLIFE,XX,1438439400,7/31/2025,JUL,-1,XX,900,900,5,900,900,5,1,N,0,96465,-2415,2415,-2415,2415,,,,,,,,,,,,,,,,,,,,,,,,,,,
53484,65251,1525153484,ZYDUSLIFE-2,SP-ZYDUSLIFE-JUL-AUG,FUTSTK,ZYDUSLIFE,XX,1438439400,7/31/2025,JUL,-1,XX,0,FUTSTK,ZYDUSLIFE,XX,1440858600,8/28/2025,AUG,-1,XX,900,900,5,900,900,5,1,N,0,95980,-2400,2400,-2400,2400,,,,,,,,,,,,,,,,,,,,,,,,,,,
